[INFO] Scanning for projects...
[INFO] 
[INFO] ------------------------< me.sat7:DynamicShop >-------------------------
[INFO] Building DynamicShop 3.20.2
[INFO]   from pom.xml
[INFO] --------------------------------[ jar ]---------------------------------
[INFO] Downloading from central: https://repo.maven.apache.org/maven2/org/apache/maven/plugins/maven-resources-plugin/3.4.0/maven-resources-plugin-3.4.0.pom
[INFO] Downloaded from central: https://repo.maven.apache.org/maven2/org/apache/maven/plugins/maven-resources-plugin/3.4.0/maven-resources-plugin-3.4.0.pom (7.9 kB at 12 kB/s)
[INFO] Downloading from central: https://repo.maven.apache.org/maven2/org/apache/maven/plugins/maven-plugins/45/maven-plugins-45.pom
[INFO] Downloaded from central: https://repo.maven.apache.org/maven2/org/apache/maven/plugins/maven-plugins/45/maven-plugins-45.pom (8.4 kB at 246 kB/s)
[INFO] Downloading from central: https://repo.maven.apache.org/maven2/org/apache/maven/maven-parent/45/maven-parent-45.pom
[INFO] Downloaded from central: https://repo.maven.apache.org/maven2/org/apache/maven/maven-parent/45/maven-parent-45.pom (53 kB at 1.4 MB/s)
[INFO] Downloading from central: https://repo.maven.apache.org/maven2/org/apache/apache/35/apache-35.pom
[INFO] Downloaded from central: https://repo.maven.apache.org/maven2/org/apache/apache/35/apache-35.pom (24 kB at 735 kB/s)
[INFO] Downloading from central: https://repo.maven.apache.org/maven2/org/junit/junit-bom/5.13.1/junit-bom-5.13.1.pom
[INFO] Downloaded from central: https://repo.maven.apache.org/maven2/org/junit/junit-bom/5.13.1/junit-bom-5.13.1.pom (5.6 kB at 171 kB/s)
[INFO] Downloading from central: https://repo.maven.apache.org/maven2/org/apache/maven/plugins/maven-resources-plugin/3.4.0/maven-resources-plugin-3.4.0.jar
[INFO] Downloaded from central: https://repo.maven.apache.org/maven2/org/apache/maven/plugins/maven-resources-plugin/3.4.0/maven-resources-plugin-3.4.0.jar (31 kB at 934 kB/s)
[INFO] Downloading from central: https://repo.maven.apache.org/maven2/org/apache/maven/plugins/maven-compiler-plugin/3.13.0/maven-compiler-plugin-3.13.0.pom
[INFO] Downloaded from central: https://repo.maven.apache.org/maven2/org/apache/maven/plugins/maven-compiler-plugin/3.13.0/maven-compiler-plugin-3.13.0.pom (10 kB at 348 kB/s)
[INFO] Downloading from central: https://repo.maven.apache.org/maven2/org/apache/maven/plugins/maven-plugins/41/maven-plugins-41.pom
[INFO] Downloaded from central: https://repo.maven.apache.org/maven2/org/apache/maven/plugins/maven-plugins/41/maven-plugins-41.pom (7.4 kB at 223 kB/s)
[INFO] Downloading from central: https://repo.maven.apache.org/maven2/org/apache/maven/maven-parent/41/maven-parent-41.pom
[INFO] Downloaded from central: https://repo.maven.apache.org/maven2/org/apache/maven/maven-parent/41/maven-parent-41.pom (50 kB at 1.6 MB/s)
[INFO] Downloading from central: https://repo.maven.apache.org/maven2/org/apache/apache/31/apache-31.pom
[INFO] Downloaded from central: https://repo.maven.apache.org/maven2/org/apache/apache/31/apache-31.pom (24 kB at 759 kB/s)
[INFO] Downloading from central: https://repo.maven.apache.org/maven2/org/apache/maven/plugins/maven-compiler-plugin/3.13.0/maven-compiler-plugin-3.13.0.jar
[INFO] Downloaded from central: https://repo.maven.apache.org/maven2/org/apache/maven/plugins/maven-compiler-plugin/3.13.0/maven-compiler-plugin-3.13.0.jar (83 kB at 2.3 MB/s)
[INFO] Downloading from central: https://repo.maven.apache.org/maven2/org/apache/maven/plugins/maven-surefire-plugin/3.5.2/maven-surefire-plugin-3.5.2.pom
[INFO] Downloaded from central: https://repo.maven.apache.org/maven2/org/apache/maven/plugins/maven-surefire-plugin/3.5.2/maven-surefire-plugin-3.5.2.pom (5.7 kB at 178 kB/s)
[INFO] Downloading from central: https://repo.maven.apache.org/maven2/org/apache/maven/surefire/surefire/3.5.2/surefire-3.5.2.pom
[INFO] Downloaded from central: https://repo.maven.apache.org/maven2/org/apache/maven/surefire/surefire/3.5.2/surefire-3.5.2.pom (20 kB at 593 kB/s)
[INFO] Downloading from central: https://repo.maven.apache.org/maven2/org/apache/maven/maven-parent/43/maven-parent-43.pom
[INFO] Downloaded from central: https://repo.maven.apache.org/maven2/org/apache/maven/maven-parent/43/maven-parent-43.pom (50 kB at 1.4 MB/s)
[INFO] Downloading from central: https://repo.maven.apache.org/maven2/org/apache/apache/33/apache-33.pom
[INFO] Downloaded from central: https://repo.maven.apache.org/maven2/org/apache/apache/33/apache-33.pom (24 kB at 733 kB/s)
[INFO] Downloading from central: https://repo.maven.apache.org/maven2/org/junit/junit-bom/5.10.3/junit-bom-5.10.3.pom
[INFO] Downloaded from central: https://repo.maven.apache.org/maven2/org/junit/junit-bom/5.10.3/junit-bom-5.10.3.pom (5.6 kB at 177 kB/s)
[INFO] Downloading from central: https://repo.maven.apache.org/maven2/org/apache/maven/plugins/maven-surefire-plugin/3.5.2/maven-surefire-plugin-3.5.2.jar
[INFO] Downloaded from central: https://repo.maven.apache.org/maven2/org/apache/maven/plugins/maven-surefire-plugin/3.5.2/maven-surefire-plugin-3.5.2.jar (46 kB at 1.5 MB/s)
[INFO] Downloading from central: https://repo.maven.apache.org/maven2/org/apache/maven/plugins/maven-jar-plugin/3.5.0/maven-jar-plugin-3.5.0.pom
[INFO] Downloaded from central: https://repo.maven.apache.org/maven2/org/apache/maven/plugins/maven-jar-plugin/3.5.0/maven-jar-plugin-3.5.0.pom (7.6 kB at 212 kB/s)
[INFO] Downloading from central: https://repo.maven.apache.org/maven2/org/apache/maven/plugins/maven-jar-plugin/3.5.0/maven-jar-plugin-3.5.0.jar
[INFO] Downloaded from central: https://repo.maven.apache.org/maven2/org/apache/maven/plugins/maven-jar-plugin/3.5.0/maven-jar-plugin-3.5.0.jar (35 kB at 1.1 MB/s)
[INFO] Downloading from central: https://repo.maven.apache.org/maven2/org/apache/maven/plugins/maven-shade-plugin/3.6.0/maven-shade-plugin-3.6.0.pom
[INFO] Downloaded from central: https://repo.maven.apache.org/maven2/org/apache/maven/plugins/maven-shade-plugin/3.6.0/maven-shade-plugin-3.6.0.pom (12 kB at 342 kB/s)
[INFO] Downloading from central: https://repo.maven.apache.org/maven2/org/apache/maven/plugins/maven-plugins/42/maven-plugins-42.pom
[INFO] Downloaded from central: https://repo.maven.apache.org/maven2/org/apache/maven/plugins/maven-plugins/42/maven-plugins-42.pom (7.7 kB at 233 kB/s)
[INFO] Downloading from central: https://repo.maven.apache.org/maven2/org/apache/maven/maven-parent/42/maven-parent-42.pom
[INFO] Downloaded from central: https://repo.maven.apache.org/maven2/org/apache/maven/maven-parent/42/maven-parent-42.pom (50 kB at 1.6 MB/s)
[INFO] Downloading from central: https://repo.maven.apache.org/maven2/org/apache/apache/32/apache-32.pom
[INFO] Downloaded from central: https://repo.maven.apache.org/maven2/org/apache/apache/32/apache-32.pom (24 kB at 733 kB/s)
[INFO] Downloading from central: https://repo.maven.apache.org/maven2/org/junit/junit-bom/5.10.2/junit-bom-5.10.2.pom
[INFO] Downloaded from central: https://repo.maven.apache.org/maven2/org/junit/junit-bom/5.10.2/junit-bom-5.10.2.pom (5.6 kB at 188 kB/s)
[INFO] Downloading from central: https://repo.maven.apache.org/maven2/org/apache/maven/plugins/maven-shade-plugin/3.6.0/maven-shade-plugin-3.6.0.jar
[INFO] Downloaded from central: https://repo.maven.apache.org/maven2/org/apache/maven/plugins/maven-shade-plugin/3.6.0/maven-shade-plugin-3.6.0.jar (150 kB at 3.7 MB/s)
[INFO] Downloading from papermc: https://repo.papermc.io/repository/maven-public/io/papermc/paper/paper-api/26.2.build.119-stable/paper-api-26.2.build.119-stable.pom
[INFO] Downloaded from papermc: https://repo.papermc.io/repository/maven-public/io/papermc/paper/paper-api/26.2.build.119-stable/paper-api-26.2.build.119-stable.pom (5.1 kB at 22 kB/s)
[INFO] Downloading from papermc: https://repo.papermc.io/repository/maven-public/net/kyori/adventure-bom/5.2.0/adventure-bom-5.2.0.pom
[INFO] Downloaded from papermc: https://repo.papermc.io/repository/maven-public/net/kyori/adventure-bom/5.2.0/adventure-bom-5.2.0.pom (4.6 kB at 33 kB/s)
[INFO] Downloading from papermc: https://repo.papermc.io/repository/maven-public/com/google/guava/guava/33.6.0-jre/guava-33.6.0-jre.pom
[INFO] Downloaded from papermc: https://repo.papermc.io/repository/maven-public/com/google/guava/guava/33.6.0-jre/guava-33.6.0-jre.pom (9.8 kB at 66 kB/s)
[INFO] Downloading from papermc: https://repo.papermc.io/repository/maven-public/com/google/guava/guava-parent/33.6.0-jre/guava-parent-33.6.0-jre.pom
[INFO] Downloaded from papermc: https://repo.papermc.io/repository/maven-public/com/google/guava/guava-parent/33.6.0-jre/guava-parent-33.6.0-jre.pom (26 kB at 170 kB/s)
[INFO] Downloading from papermc: https://repo.papermc.io/repository/maven-public/com/google/guava/failureaccess/1.0.3/failureaccess-1.0.3.pom
[INFO] Downloaded from papermc: https://repo.papermc.io/repository/maven-public/com/google/guava/failureaccess/1.0.3/failureaccess-1.0.3.pom (5.6 kB at 36 kB/s)
[INFO] Downloading from papermc: https://repo.papermc.io/repository/maven-public/com/google/guava/guava-parent/33.4.0-android/guava-parent-33.4.0-android.pom
[INFO] Downloaded from papermc: https://repo.papermc.io/repository/maven-public/com/google/guava/guava-parent/33.4.0-android/guava-parent-33.4.0-android.pom (22 kB at 138 kB/s)
[INFO] Downloading from papermc: https://repo.papermc.io/repository/maven-public/com/google/guava/listenablefuture/9999.0-empty-to-avoid-conflict-with-guava/listenablefuture-9999.0-empty-to-avoid-conflict-with-guava.pom
[INFO] Downloaded from papermc: https://repo.papermc.io/repository/maven-public/com/google/guava/listenablefuture/9999.0-empty-to-avoid-conflict-with-guava/listenablefuture-9999.0-empty-to-avoid-conflict-with-guava.pom (2.3 kB at 15 kB/s)
[INFO] Downloading from papermc: https://repo.papermc.io/repository/maven-public/com/google/guava/guava-parent/26.0-android/guava-parent-26.0-android.pom
[INFO] Downloaded from papermc: https://repo.papermc.io/repository/maven-public/com/google/guava/guava-parent/26.0-android/guava-parent-26.0-android.pom (10 kB at 67 kB/s)
[INFO] Downloading from papermc: https://repo.papermc.io/repository/maven-public/org/sonatype/oss/oss-parent/9/oss-parent-9.pom
[INFO] Downloaded from papermc: https://repo.papermc.io/repository/maven-public/org/sonatype/oss/oss-parent/9/oss-parent-9.pom (6.3 kB at 285 kB/s)
[INFO] Downloading from papermc: https://repo.papermc.io/repository/maven-public/org/jspecify/jspecify/1.0.0/jspecify-1.0.0.pom
[INFO] Downloaded from papermc: https://repo.papermc.io/repository/maven-public/org/jspecify/jspecify/1.0.0/jspecify-1.0.0.pom (1.5 kB at 58 kB/s)
[INFO] Downloading from papermc: https://repo.papermc.io/repository/maven-public/com/google/errorprone/error_prone_annotations/2.47.0/error_prone_annotations-2.47.0.pom
[INFO] Downloaded from papermc: https://repo.papermc.io/repository/maven-public/com/google/errorprone/error_prone_annotations/2.47.0/error_prone_annotations-2.47.0.pom (4.3 kB at 28 kB/s)
[INFO] Downloading from papermc: https://repo.papermc.io/repository/maven-public/com/google/errorprone/error_prone_parent/2.47.0/error_prone_parent-2.47.0.pom
[INFO] Downloaded from papermc: https://repo.papermc.io/repository/maven-public/com/google/errorprone/error_prone_parent/2.47.0/error_prone_parent-2.47.0.pom (16 kB at 105 kB/s)
[INFO] Downloading from papermc: https://repo.papermc.io/repository/maven-public/com/google/j2objc/j2objc-annotations/3.1/j2objc-annotations-3.1.pom
[INFO] Downloaded from papermc: https://repo.papermc.io/repository/maven-public/com/google/j2objc/j2objc-annotations/3.1/j2objc-annotations-3.1.pom (5.4 kB at 34 kB/s)
[INFO] Downloading from papermc: https://repo.papermc.io/repository/maven-public/com/google/code/gson/gson/2.14.0/gson-2.14.0.pom
[INFO] Downloaded from papermc: https://repo.papermc.io/repository/maven-public/com/google/code/gson/gson/2.14.0/gson-2.14.0.pom (23 kB at 876 kB/s)
[INFO] Downloading from papermc: https://repo.papermc.io/repository/maven-public/com/google/code/gson/gson-parent/2.14.0/gson-parent-2.14.0.pom
[INFO] Downloaded from papermc: https://repo.papermc.io/repository/maven-public/com/google/code/gson/gson-parent/2.14.0/gson-parent-2.14.0.pom (27 kB at 1.1 MB/s)
[INFO] Downloading from papermc: https://repo.papermc.io/repository/maven-public/com/google/errorprone/error_prone_annotations/2.48.0/error_prone_annotations-2.48.0.pom
[INFO] Downloaded from papermc: https://repo.papermc.io/repository/maven-public/com/google/errorprone/error_prone_annotations/2.48.0/error_prone_annotations-2.48.0.pom (4.3 kB at 29 kB/s)
[INFO] Downloading from papermc: https://repo.papermc.io/repository/maven-public/com/google/errorprone/error_prone_parent/2.48.0/error_prone_parent-2.48.0.pom
[INFO] Downloaded from papermc: https://repo.papermc.io/repository/maven-public/com/google/errorprone/error_prone_parent/2.48.0/error_prone_parent-2.48.0.pom (16 kB at 95 kB/s)
[INFO] Downloading from papermc: https://repo.papermc.io/repository/maven-public/org/yaml/snakeyaml/2.2/snakeyaml-2.2.pom
[INFO] Downloaded from papermc: https://repo.papermc.io/repository/maven-public/org/yaml/snakeyaml/2.2/snakeyaml-2.2.pom (21 kB at 787 kB/s)
[INFO] Downloading from papermc: https://repo.papermc.io/repository/maven-public/org/joml/joml/1.10.8/joml-1.10.8.pom
[INFO] Downloaded from papermc: https://repo.papermc.io/repository/maven-public/org/joml/joml/1.10.8/joml-1.10.8.pom (1.5 kB at 56 kB/s)
[INFO] Downloading from papermc: https://repo.papermc.io/repository/maven-public/it/unimi/dsi/fastutil/8.5.18/fastutil-8.5.18.pom
[INFO] Downloaded from papermc: https://repo.papermc.io/repository/maven-public/it/unimi/dsi/fastutil/8.5.18/fastutil-8.5.18.pom (1.6 kB at 9.7 kB/s)
[INFO] Downloading from papermc: https://repo.papermc.io/repository/maven-public/org/apache/logging/log4j/log4j-api/2.26.0/log4j-api-2.26.0.pom
[INFO] Downloaded from papermc: https://repo.papermc.io/repository/maven-public/org/apache/logging/log4j/log4j-api/2.26.0/log4j-api-2.26.0.pom (4.5 kB at 29 kB/s)
[INFO] Downloading from papermc: https://repo.papermc.io/repository/maven-public/org/apache/logging/log4j/log4j/2.26.0/log4j-2.26.0.pom
[INFO] Downloaded from papermc: https://repo.papermc.io/repository/maven-public/org/apache/logging/log4j/log4j/2.26.0/log4j-2.26.0.pom (41 kB at 243 kB/s)
[INFO] Downloading from papermc: https://repo.papermc.io/repository/maven-public/org/apache/logging/log4j/log4j-bom/2.26.0/log4j-bom-2.26.0.pom
[INFO] Downloaded from papermc: https://repo.papermc.io/repository/maven-public/org/apache/logging/log4j/log4j-bom/2.26.0/log4j-bom-2.26.0.pom (12 kB at 78 kB/s)
[INFO] Downloading from papermc: https://repo.papermc.io/repository/maven-public/org/apache/groovy/groovy-bom/4.0.27/groovy-bom-4.0.27.pom
[INFO] Downloaded from papermc: https://repo.papermc.io/repository/maven-public/org/apache/groovy/groovy-bom/4.0.27/groovy-bom-4.0.27.pom (27 kB at 186 kB/s)
[INFO] Downloading from papermc: https://repo.papermc.io/repository/maven-public/com/fasterxml/jackson/jackson-bom/2.19.2/jackson-bom-2.19.2.pom
[INFO] Downloaded from papermc: https://repo.papermc.io/repository/maven-public/com/fasterxml/jackson/jackson-bom/2.19.2/jackson-bom-2.19.2.pom (20 kB at 120 kB/s)
[INFO] Downloading from papermc: https://repo.papermc.io/repository/maven-public/com/fasterxml/jackson/jackson-parent/2.19.3/jackson-parent-2.19.3.pom
[INFO] Downloaded from papermc: https://repo.papermc.io/repository/maven-public/com/fasterxml/jackson/jackson-parent/2.19.3/jackson-parent-2.19.3.pom (6.5 kB at 42 kB/s)
[INFO] Downloading from papermc: https://repo.papermc.io/repository/maven-public/com/fasterxml/oss-parent/69/oss-parent-69.pom
[INFO] Downloaded from papermc: https://repo.papermc.io/repository/maven-public/com/fasterxml/oss-parent/69/oss-parent-69.pom (24 kB at 143 kB/s)
[INFO] Downloading from papermc: https://repo.papermc.io/repository/maven-public/jakarta/platform/jakarta.jakartaee-bom/9.1.0/jakarta.jakartaee-bom-9.1.0.pom
[INFO] Downloaded from papermc: https://repo.papermc.io/repository/maven-public/jakarta/platform/jakarta.jakartaee-bom/9.1.0/jakarta.jakartaee-bom-9.1.0.pom (9.6 kB at 398 kB/s)
[INFO] Downloading from papermc: https://repo.papermc.io/repository/maven-public/jakarta/platform/jakartaee-api-parent/9.1.0/jakartaee-api-parent-9.1.0.pom
[INFO] Downloaded from papermc: https://repo.papermc.io/repository/maven-public/jakarta/platform/jakartaee-api-parent/9.1.0/jakartaee-api-parent-9.1.0.pom (15 kB at 594 kB/s)
[INFO] Downloading from papermc: https://repo.papermc.io/repository/maven-public/org/eclipse/ee4j/project/1.0.7/project-1.0.7.pom
[INFO] Downloaded from papermc: https://repo.papermc.io/repository/maven-public/org/eclipse/ee4j/project/1.0.7/project-1.0.7.pom (14 kB at 617 kB/s)
[INFO] Downloading from papermc: https://repo.papermc.io/repository/maven-public/org/junit/junit-bom/5.13.4/junit-bom-5.13.4.pom
[INFO] Downloaded from papermc: https://repo.papermc.io/repository/maven-public/org/junit/junit-bom/5.13.4/junit-bom-5.13.4.pom (5.7 kB at 38 kB/s)
[INFO] Downloading from papermc: https://repo.papermc.io/repository/maven-public/org/mockito/mockito-bom/4.11.0/mockito-bom-4.11.0.pom
[INFO] Downloaded from papermc: https://repo.papermc.io/repository/maven-public/org/mockito/mockito-bom/4.11.0/mockito-bom-4.11.0.pom (3.2 kB at 126 kB/s)
[INFO] Downloading from papermc: https://repo.papermc.io/repository/maven-public/org/springframework/spring-framework-bom/5.3.39/spring-framework-bom-5.3.39.pom
[INFO] Downloaded from papermc: https://repo.papermc.io/repository/maven-public/org/springframework/spring-framework-bom/5.3.39/spring-framework-bom-5.3.39.pom (5.7 kB at 37 kB/s)
[INFO] Downloading from papermc: https://repo.papermc.io/repository/maven-public/org/slf4j/slf4j-api/2.0.17/slf4j-api-2.0.17.pom
[INFO] Downloaded from papermc: https://repo.papermc.io/repository/maven-public/org/slf4j/slf4j-api/2.0.17/slf4j-api-2.0.17.pom (2.8 kB at 19 kB/s)
[INFO] Downloading from papermc: https://repo.papermc.io/repository/maven-public/org/slf4j/slf4j-parent/2.0.17/slf4j-parent-2.0.17.pom
[INFO] Downloaded from papermc: https://repo.papermc.io/repository/maven-public/org/slf4j/slf4j-parent/2.0.17/slf4j-parent-2.0.17.pom (13 kB at 88 kB/s)
[INFO] Downloading from papermc: https://repo.papermc.io/repository/maven-public/org/slf4j/slf4j-bom/2.0.17/slf4j-bom-2.0.17.pom
[INFO] Downloaded from papermc: https://repo.papermc.io/repository/maven-public/org/slf4j/slf4j-bom/2.0.17/slf4j-bom-2.0.17.pom (7.3 kB at 48 kB/s)
[INFO] Downloading from papermc: https://repo.papermc.io/repository/maven-public/com/mojang/brigadier/1.3.10/brigadier-1.3.10.pom
[INFO] Downloaded from papermc: https://repo.papermc.io/repository/maven-public/com/mojang/brigadier/1.3.10/brigadier-1.3.10.pom (393 B at 15 kB/s)
[INFO] Downloading from papermc: https://repo.papermc.io/repository/maven-public/net/md-5/bungeecord-chat/1.21-R0.2-deprecated+build.21/bungeecord-chat-1.21-R0.2-deprecated+build.21.pom
[INFO] Downloaded from papermc: https://repo.papermc.io/repository/maven-public/net/md-5/bungeecord-chat/1.21-R0.2-deprecated+build.21/bungeecord-chat-1.21-R0.2-deprecated+build.21.pom (1.2 kB at 48 kB/s)
[INFO] Downloading from papermc: https://repo.papermc.io/repository/maven-public/com/google/code/gson/gson/2.8.8/gson-2.8.8.pom
[INFO] Downloaded from papermc: https://repo.papermc.io/repository/maven-public/com/google/code/gson/gson/2.8.8/gson-2.8.8.pom (6.0 kB at 221 kB/s)
[INFO] Downloading from papermc: https://repo.papermc.io/repository/maven-public/com/google/code/gson/gson-parent/2.8.8/gson-parent-2.8.8.pom
[INFO] Downloaded from papermc: https://repo.papermc.io/repository/maven-public/com/google/code/gson/gson-parent/2.8.8/gson-parent-2.8.8.pom (4.6 kB at 159 kB/s)
[INFO] Downloading from papermc: https://repo.papermc.io/repository/maven-public/org/sonatype/oss/oss-parent/7/oss-parent-7.pom
[INFO] Downloaded from papermc: https://repo.papermc.io/repository/maven-public/org/sonatype/oss/oss-parent/7/oss-parent-7.pom (4.6 kB at 31 kB/s)
[INFO] Downloading from papermc: https://repo.papermc.io/repository/maven-public/org/apache/maven/maven-resolver-provider/3.9.6/maven-resolver-provider-3.9.6.pom
[INFO] Downloaded from papermc: https://repo.papermc.io/repository/maven-public/org/apache/maven/maven-resolver-provider/3.9.6/maven-resolver-provider-3.9.6.pom (4.5 kB at 173 kB/s)
[INFO] Downloading from papermc: https://repo.papermc.io/repository/maven-public/org/apache/maven/maven/3.9.6/maven-3.9.6.pom
[INFO] Downloaded from papermc: https://repo.papermc.io/repository/maven-public/org/apache/maven/maven/3.9.6/maven-3.9.6.pom (29 kB at 1.1 MB/s)
[INFO] Downloading from papermc: https://repo.papermc.io/repository/maven-public/org/apache/maven/maven-model/3.9.6/maven-model-3.9.6.pom
[INFO] Downloaded from papermc: https://repo.papermc.io/repository/maven-public/org/apache/maven/maven-model/3.9.6/maven-model-3.9.6.pom (2.7 kB at 104 kB/s)
[INFO] Downloading from papermc: https://repo.papermc.io/repository/maven-public/org/codehaus/plexus/plexus-utils/3.5.1/plexus-utils-3.5.1.pom
[INFO] Downloaded from papermc: https://repo.papermc.io/repository/maven-public/org/codehaus/plexus/plexus-utils/3.5.1/plexus-utils-3.5.1.pom (8.8 kB at 337 kB/s)
[INFO] Downloading from papermc: https://repo.papermc.io/repository/maven-public/org/codehaus/plexus/plexus/10/plexus-10.pom
[INFO] Downloaded from papermc: https://repo.papermc.io/repository/maven-public/org/codehaus/plexus/plexus/10/plexus-10.pom (25 kB at 819 kB/s)
[INFO] Downloading from papermc: https://repo.papermc.io/repository/maven-public/org/apache/maven/maven-model-builder/3.9.6/maven-model-builder-3.9.6.pom
[INFO] Downloaded from papermc: https://repo.papermc.io/repository/maven-public/org/apache/maven/maven-model-builder/3.9.6/maven-model-builder-3.9.6.pom (3.5 kB at 136 kB/s)
[INFO] Downloading from papermc: https://repo.papermc.io/repository/maven-public/org/codehaus/plexus/plexus-interpolation/1.26/plexus-interpolation-1.26.pom
[INFO] Downloaded from papermc: https://repo.papermc.io/repository/maven-public/org/codehaus/plexus/plexus-interpolation/1.26/plexus-interpolation-1.26.pom (2.7 kB at 92 kB/s)
[INFO] Downloading from papermc: https://repo.papermc.io/repository/maven-public/org/codehaus/plexus/plexus/5.1/plexus-5.1.pom
[INFO] Downloaded from papermc: https://repo.papermc.io/repository/maven-public/org/codehaus/plexus/plexus/5.1/plexus-5.1.pom (23 kB at 900 kB/s)
[INFO] Downloading from papermc: https://repo.papermc.io/repository/maven-public/javax/inject/javax.inject/1/javax.inject-1.pom
[INFO] Downloaded from papermc: https://repo.papermc.io/repository/maven-public/javax/inject/javax.inject/1/javax.inject-1.pom (612 B at 24 kB/s)
[INFO] Downloading from papermc: https://repo.papermc.io/repository/maven-public/org/apache/maven/maven-artifact/3.9.6/maven-artifact-3.9.6.pom
[INFO] Downloaded from papermc: https://repo.papermc.io/repository/maven-public/org/apache/maven/maven-artifact/3.9.6/maven-artifact-3.9.6.pom (2.3 kB at 93 kB/s)
[INFO] Downloading from papermc: https://repo.papermc.io/repository/maven-public/org/apache/commons/commons-lang3/3.12.0/commons-lang3-3.12.0.pom
[INFO] Downloaded from papermc: https://repo.papermc.io/repository/maven-public/org/apache/commons/commons-lang3/3.12.0/commons-lang3-3.12.0.pom (31 kB at 1.3 MB/s)
[INFO] Downloading from papermc: https://repo.papermc.io/repository/maven-public/org/apache/commons/commons-parent/52/commons-parent-52.pom
[INFO] Downloaded from papermc: https://repo.papermc.io/repository/maven-public/org/apache/commons/commons-parent/52/commons-parent-52.pom (79 kB at 2.8 MB/s)
[INFO] Downloading from papermc: https://repo.papermc.io/repository/maven-public/org/apache/apache/23/apache-23.pom
[INFO] Downloaded from papermc: https://repo.papermc.io/repository/maven-public/org/apache/apache/23/apache-23.pom (18 kB at 122 kB/s)
[INFO] Downloading from papermc: https://repo.papermc.io/repository/maven-public/org/junit/junit-bom/5.7.1/junit-bom-5.7.1.pom
[INFO] Downloaded from papermc: https://repo.papermc.io/repository/maven-public/org/junit/junit-bom/5.7.1/junit-bom-5.7.1.pom (5.1 kB at 222 kB/s)
[INFO] Downloading from papermc: https://repo.papermc.io/repository/maven-public/org/apache/maven/maven-builder-support/3.9.6/maven-builder-support-3.9.6.pom
[INFO] Downloaded from papermc: https://repo.papermc.io/repository/maven-public/org/apache/maven/maven-builder-support/3.9.6/maven-builder-support-3.9.6.pom (1.4 kB at 59 kB/s)
[INFO] Downloading from papermc: https://repo.papermc.io/repository/maven-public/org/eclipse/sisu/org.eclipse.sisu.inject/0.9.0.M2/org.eclipse.sisu.inject-0.9.0.M2.pom
[INFO] Downloaded from papermc: https://repo.papermc.io/repository/maven-public/org/eclipse/sisu/org.eclipse.sisu.inject/0.9.0.M2/org.eclipse.sisu.inject-0.9.0.M2.pom (17 kB at 116 kB/s)
[INFO] Downloading from papermc: https://repo.papermc.io/repository/maven-public/org/eclipse/sisu/sisu-inject/0.9.0.M2/sisu-inject-0.9.0.M2.pom
[INFO] Downloaded from papermc: https://repo.papermc.io/repository/maven-public/org/eclipse/sisu/sisu-inject/0.9.0.M2/sisu-inject-0.9.0.M2.pom (15 kB at 96 kB/s)
[INFO] Downloading from papermc: https://repo.papermc.io/repository/maven-public/org/apache/maven/maven-repository-metadata/3.9.6/maven-repository-metadata-3.9.6.pom
[INFO] Downloaded from papermc: https://repo.papermc.io/repository/maven-public/org/apache/maven/maven-repository-metadata/3.9.6/maven-repository-metadata-3.9.6.pom (2.1 kB at 13 kB/s)
[INFO] Downloading from papermc: https://repo.papermc.io/repository/maven-public/org/apache/maven/resolver/maven-resolver-api/1.9.18/maven-resolver-api-1.9.18.pom
[INFO] Downloaded from papermc: https://repo.papermc.io/repository/maven-public/org/apache/maven/resolver/maven-resolver-api/1.9.18/maven-resolver-api-1.9.18.pom (2.7 kB at 116 kB/s)
[INFO] Downloading from papermc: https://repo.papermc.io/repository/maven-public/org/apache/maven/resolver/maven-resolver/1.9.18/maven-resolver-1.9.18.pom
[INFO] Downloaded from papermc: https://repo.papermc.io/repository/maven-public/org/apache/maven/resolver/maven-resolver/1.9.18/maven-resolver-1.9.18.pom (22 kB at 144 kB/s)
[INFO] Downloading from papermc: https://repo.papermc.io/repository/maven-public/org/apache/maven/resolver/maven-resolver-spi/1.9.18/maven-resolver-spi-1.9.18.pom
[INFO] Downloaded from papermc: https://repo.papermc.io/repository/maven-public/org/apache/maven/resolver/maven-resolver-spi/1.9.18/maven-resolver-spi-1.9.18.pom (2.7 kB at 18 kB/s)
[INFO] Downloading from papermc: https://repo.papermc.io/repository/maven-public/org/apache/maven/resolver/maven-resolver-util/1.9.18/maven-resolver-util-1.9.18.pom
[INFO] Downloaded from papermc: https://repo.papermc.io/repository/maven-public/org/apache/maven/resolver/maven-resolver-util/1.9.18/maven-resolver-util-1.9.18.pom (2.9 kB at 124 kB/s)
[INFO] Downloading from papermc: https://repo.papermc.io/repository/maven-public/org/apache/maven/resolver/maven-resolver-impl/1.9.18/maven-resolver-impl-1.9.18.pom
[INFO] Downloaded from papermc: https://repo.papermc.io/repository/maven-public/org/apache/maven/resolver/maven-resolver-impl/1.9.18/maven-resolver-impl-1.9.18.pom (4.3 kB at 196 kB/s)
[INFO] Downloading from papermc: https://repo.papermc.io/repository/maven-public/org/apache/maven/resolver/maven-resolver-named-locks/1.9.18/maven-resolver-named-locks-1.9.18.pom
[INFO] Downloaded from papermc: https://repo.papermc.io/repository/maven-public/org/apache/maven/resolver/maven-resolver-named-locks/1.9.18/maven-resolver-named-locks-1.9.18.pom (3.2 kB at 22 kB/s)
[INFO] Downloading from papermc: https://repo.papermc.io/repository/maven-public/org/slf4j/slf4j-api/1.7.36/slf4j-api-1.7.36.pom
[INFO] Downloaded from papermc: https://repo.papermc.io/repository/maven-public/org/slf4j/slf4j-api/1.7.36/slf4j-api-1.7.36.pom (2.7 kB at 106 kB/s)
[INFO] Downloading from papermc: https://repo.papermc.io/repository/maven-public/org/slf4j/slf4j-parent/1.7.36/slf4j-parent-1.7.36.pom
[INFO] Downloaded from papermc: https://repo.papermc.io/repository/maven-public/org/slf4j/slf4j-parent/1.7.36/slf4j-parent-1.7.36.pom (14 kB at 638 kB/s)
[INFO] Downloading from papermc: https://repo.papermc.io/repository/maven-public/net/kyori/adventure-api/5.2.0/adventure-api-5.2.0.pom
[INFO] Downloaded from papermc: https://repo.papermc.io/repository/maven-public/net/kyori/adventure-api/5.2.0/adventure-api-5.2.0.pom (3.0 kB at 129 kB/s)
[INFO] Downloading from papermc: https://repo.papermc.io/repository/maven-public/net/kyori/adventure-key/5.2.0/adventure-key-5.2.0.pom
[INFO] Downloaded from papermc: https://repo.papermc.io/repository/maven-public/net/kyori/adventure-key/5.2.0/adventure-key-5.2.0.pom (3.0 kB at 114 kB/s)
[INFO] Downloading from papermc: https://repo.papermc.io/repository/maven-public/org/jetbrains/annotations/26.1.0/annotations-26.1.0.pom
[INFO] Downloaded from papermc: https://repo.papermc.io/repository/maven-public/org/jetbrains/annotations/26.1.0/annotations-26.1.0.pom (1.7 kB at 11 kB/s)
[INFO] Downloading from papermc: https://repo.papermc.io/repository/maven-public/net/kyori/adventure-text-minimessage/5.2.0/adventure-text-minimessage-5.2.0.pom
[INFO] Downloaded from papermc: https://repo.papermc.io/repository/maven-public/net/kyori/adventure-text-minimessage/5.2.0/adventure-text-minimessage-5.2.0.pom (2.9 kB at 119 kB/s)
[INFO] Downloading from papermc: https://repo.papermc.io/repository/maven-public/net/kyori/adventure-text-serializer-gson/5.2.0/adventure-text-serializer-gson-5.2.0.pom
[INFO] Downloaded from papermc: https://repo.papermc.io/repository/maven-public/net/kyori/adventure-text-serializer-gson/5.2.0/adventure-text-serializer-gson-5.2.0.pom (3.4 kB at 126 kB/s)
[INFO] Downloading from papermc: https://repo.papermc.io/repository/maven-public/net/kyori/adventure-text-serializer-json/5.2.0/adventure-text-serializer-json-5.2.0.pom
[INFO] Downloaded from papermc: https://repo.papermc.io/repository/maven-public/net/kyori/adventure-text-serializer-json/5.2.0/adventure-text-serializer-json-5.2.0.pom (3.2 kB at 122 kB/s)
[INFO] Downloading from papermc: https://repo.papermc.io/repository/maven-public/net/kyori/option/1.1.0/option-1.1.0.pom
[INFO] Downloaded from papermc: https://repo.papermc.io/repository/maven-public/net/kyori/option/1.1.0/option-1.1.0.pom (2.2 kB at 100 kB/s)
[INFO] Downloading from papermc: https://repo.papermc.io/repository/maven-public/org/jetbrains/annotations/26.0.2/annotations-26.0.2.pom
[INFO] Downloaded from papermc: https://repo.papermc.io/repository/maven-public/org/jetbrains/annotations/26.0.2/annotations-26.0.2.pom (1.7 kB at 62 kB/s)
[INFO] Downloading from papermc: https://repo.papermc.io/repository/maven-public/net/kyori/adventure-text-serializer-commons/5.2.0/adventure-text-serializer-commons-5.2.0.pom
[INFO] Downloaded from papermc: https://repo.papermc.io/repository/maven-public/net/kyori/adventure-text-serializer-commons/5.2.0/adventure-text-serializer-commons-5.2.0.pom (3.0 kB at 20 kB/s)
[INFO] Downloading from papermc: https://repo.papermc.io/repository/maven-public/com/google/code/gson/gson/2.13.2/gson-2.13.2.pom
[INFO] Downloaded from papermc: https://repo.papermc.io/repository/maven-public/com/google/code/gson/gson/2.13.2/gson-2.13.2.pom (13 kB at 562 kB/s)
[INFO] Downloading from papermc: https://repo.papermc.io/repository/maven-public/com/google/code/gson/gson-parent/2.13.2/gson-parent-2.13.2.pom
[INFO] Downloaded from papermc: https://repo.papermc.io/repository/maven-public/com/google/code/gson/gson-parent/2.13.2/gson-parent-2.13.2.pom (27 kB at 965 kB/s)
[INFO] Downloading from papermc: https://repo.papermc.io/repository/maven-public/com/google/errorprone/error_prone_annotations/2.41.0/error_prone_annotations-2.41.0.pom
[INFO] Downloaded from papermc: https://repo.papermc.io/repository/maven-public/com/google/errorprone/error_prone_annotations/2.41.0/error_prone_annotations-2.41.0.pom (4.3 kB at 177 kB/s)
[INFO] Downloading from papermc: https://repo.papermc.io/repository/maven-public/com/google/errorprone/error_prone_parent/2.41.0/error_prone_parent-2.41.0.pom
[INFO] Downloaded from papermc: https://repo.papermc.io/repository/maven-public/com/google/errorprone/error_prone_parent/2.41.0/error_prone_parent-2.41.0.pom (16 kB at 692 kB/s)
[INFO] Downloading from papermc: https://repo.papermc.io/repository/maven-public/com/google/auto/service/auto-service-annotations/1.1.1/auto-service-annotations-1.1.1.pom
[INFO] Downloaded from papermc: https://repo.papermc.io/repository/maven-public/com/google/auto/service/auto-service-annotations/1.1.1/auto-service-annotations-1.1.1.pom (2.3 kB at 14 kB/s)
[INFO] Downloading from papermc: https://repo.papermc.io/repository/maven-public/com/google/auto/service/auto-service-aggregator/1.1.1/auto-service-aggregator-1.1.1.pom
[INFO] Downloaded from papermc: https://repo.papermc.io/repository/maven-public/com/google/auto/service/auto-service-aggregator/1.1.1/auto-service-aggregator-1.1.1.pom (4.3 kB at 29 kB/s)
[INFO] Downloading from papermc: https://repo.papermc.io/repository/maven-public/net/kyori/adventure-text-serializer-legacy/5.2.0/adventure-text-serializer-legacy-5.2.0.pom
[INFO] Downloaded from papermc: https://repo.papermc.io/repository/maven-public/net/kyori/adventure-text-serializer-legacy/5.2.0/adventure-text-serializer-legacy-5.2.0.pom (2.8 kB at 19 kB/s)
[INFO] Downloading from papermc: https://repo.papermc.io/repository/maven-public/net/kyori/adventure-text-serializer-plain/5.2.0/adventure-text-serializer-plain-5.2.0.pom
[INFO] Downloaded from papermc: https://repo.papermc.io/repository/maven-public/net/kyori/adventure-text-serializer-plain/5.2.0/adventure-text-serializer-plain-5.2.0.pom (2.8 kB at 18 kB/s)
[INFO] Downloading from papermc: https://repo.papermc.io/repository/maven-public/net/kyori/adventure-text-logger-slf4j/5.2.0/adventure-text-logger-slf4j-5.2.0.pom
[INFO] Downloaded from papermc: https://repo.papermc.io/repository/maven-public/net/kyori/adventure-text-logger-slf4j/5.2.0/adventure-text-logger-slf4j-5.2.0.pom (2.8 kB at 16 kB/s)
[INFO] Downloading from papermc: https://repo.papermc.io/repository/maven-public/org/checkerframework/checker-qual/3.49.2/checker-qual-3.49.2.pom
[INFO] Downloaded from papermc: https://repo.papermc.io/repository/maven-public/org/checkerframework/checker-qual/3.49.2/checker-qual-3.49.2.pom (2.1 kB at 14 kB/s)
[INFO] Downloading from papermc: https://repo.papermc.io/repository/maven-public/org/apache/maven/resolver/maven-resolver-connector-basic/1.9.18/maven-resolver-connector-basic-1.9.18.pom
[INFO] Downloaded from papermc: https://repo.papermc.io/repository/maven-public/org/apache/maven/resolver/maven-resolver-connector-basic/1.9.18/maven-resolver-connector-basic-1.9.18.pom (3.7 kB at 23 kB/s)
[INFO] Downloading from papermc: https://repo.papermc.io/repository/maven-public/org/apache/maven/resolver/maven-resolver-transport-http/1.9.18/maven-resolver-transport-http-1.9.18.pom
[INFO] Downloaded from papermc: https://repo.papermc.io/repository/maven-public/org/apache/maven/resolver/maven-resolver-transport-http/1.9.18/maven-resolver-transport-http-1.9.18.pom (5.6 kB at 37 kB/s)
[INFO] Downloading from papermc: https://repo.papermc.io/repository/maven-public/org/apache/httpcomponents/httpclient/4.5.14/httpclient-4.5.14.pom
[INFO] Downloaded from papermc: https://repo.papermc.io/repository/maven-public/org/apache/httpcomponents/httpclient/4.5.14/httpclient-4.5.14.pom (6.6 kB at 28 kB/s)
[INFO] Downloading from papermc: https://repo.papermc.io/repository/maven-public/org/apache/httpcomponents/httpcomponents-client/4.5.14/httpcomponents-client-4.5.14.pom
[INFO] Downloaded from papermc: https://repo.papermc.io/repository/maven-public/org/apache/httpcomponents/httpcomponents-client/4.5.14/httpcomponents-client-4.5.14.pom (15 kB at 66 kB/s)
[INFO] Downloading from papermc: https://repo.papermc.io/repository/maven-public/org/apache/httpcomponents/httpcomponents-parent/11/httpcomponents-parent-11.pom
[INFO] Downloaded from papermc: https://repo.papermc.io/repository/maven-public/org/apache/httpcomponents/httpcomponents-parent/11/httpcomponents-parent-11.pom (35 kB at 212 kB/s)
[INFO] Downloading from papermc: https://repo.papermc.io/repository/maven-public/org/apache/apache/21/apache-21.pom
[INFO] Downloaded from papermc: https://repo.papermc.io/repository/maven-public/org/apache/apache/21/apache-21.pom (17 kB at 691 kB/s)
[INFO] Downloading from papermc: https://repo.papermc.io/repository/maven-public/org/apache/httpcomponents/httpcore/4.4.16/httpcore-4.4.16.pom
[INFO] Downloaded from papermc: https://repo.papermc.io/repository/maven-public/org/apache/httpcomponents/httpcore/4.4.16/httpcore-4.4.16.pom (5.0 kB at 21 kB/s)
[INFO] Downloading from papermc: https://repo.papermc.io/repository/maven-public/org/apache/httpcomponents/httpcomponents-core/4.4.16/httpcomponents-core-4.4.16.pom
[INFO] Downloaded from papermc: https://repo.papermc.io/repository/maven-public/org/apache/httpcomponents/httpcomponents-core/4.4.16/httpcomponents-core-4.4.16.pom (12 kB at 48 kB/s)
[INFO] Downloading from papermc: https://repo.papermc.io/repository/maven-public/commons-codec/commons-codec/1.16.0/commons-codec-1.16.0.pom
[INFO] Downloaded from papermc: https://repo.papermc.io/repository/maven-public/commons-codec/commons-codec/1.16.0/commons-codec-1.16.0.pom (16 kB at 104 kB/s)
[INFO] Downloading from papermc: https://repo.papermc.io/repository/maven-public/org/apache/commons/commons-parent/58/commons-parent-58.pom
[INFO] Downloaded from papermc: https://repo.papermc.io/repository/maven-public/org/apache/commons/commons-parent/58/commons-parent-58.pom (83 kB at 428 kB/s)
[INFO] Downloading from papermc: https://repo.papermc.io/repository/maven-public/org/apache/apache/29/apache-29.pom
[INFO] Downloaded from papermc: https://repo.papermc.io/repository/maven-public/org/apache/apache/29/apache-29.pom (21 kB at 666 kB/s)
[INFO] Downloading from papermc: https://repo.papermc.io/repository/maven-public/org/junit/junit-bom/5.9.3/junit-bom-5.9.3.pom
[INFO] Downloaded from papermc: https://repo.papermc.io/repository/maven-public/org/junit/junit-bom/5.9.3/junit-bom-5.9.3.pom (5.6 kB at 201 kB/s)
[INFO] Downloading from papermc: https://repo.papermc.io/repository/maven-public/org/slf4j/jcl-over-slf4j/1.7.36/jcl-over-slf4j-1.7.36.pom
[INFO] Downloaded from papermc: https://repo.papermc.io/repository/maven-public/org/slf4j/jcl-over-slf4j/1.7.36/jcl-over-slf4j-1.7.36.pom (1.2 kB at 7.3 kB/s)
[INFO] Downloading from papermc: https://repo.papermc.io/repository/maven-public/com/github/MilkBowl/VaultAPI/1.7/VaultAPI-1.7.pom
[INFO] Downloading from spigot-repo: https://hub.spigotmc.org/nexus/content/repositories/snapshots/com/github/MilkBowl/VaultAPI/1.7/VaultAPI-1.7.pom
[INFO] Downloading from jitpack.io: https://jitpack.io/com/github/MilkBowl/VaultAPI/1.7/VaultAPI-1.7.pom
[INFO] Downloaded from jitpack.io: https://jitpack.io/com/github/MilkBowl/VaultAPI/1.7/VaultAPI-1.7.pom (3.9 kB at 15 kB/s)
[INFO] Downloading from papermc: https://repo.papermc.io/repository/maven-public/org/bukkit/bukkit/1.13.1-R0.1-SNAPSHOT/maven-metadata.xml
[INFO] Downloading from spigot-repo: https://hub.spigotmc.org/nexus/content/repositories/snapshots/org/bukkit/bukkit/1.13.1-R0.1-SNAPSHOT/maven-metadata.xml
[INFO] Downloading from sonatype: https://oss.sonatype.org/content/groups/public/org/bukkit/bukkit/1.13.1-R0.1-SNAPSHOT/maven-metadata.xml
[INFO] Downloading from jitpack.io: https://jitpack.io/org/bukkit/bukkit/1.13.1-R0.1-SNAPSHOT/maven-metadata.xml
[INFO] Downloaded from papermc: https://repo.papermc.io/repository/maven-public/org/bukkit/bukkit/1.13.1-R0.1-SNAPSHOT/maven-metadata.xml (1.4 kB at 45 kB/s)
[INFO] Downloading from vault-repo: https://nexus.hc.to/content/repositories/pub_releases/org/bukkit/bukkit/1.13.1-R0.1-SNAPSHOT/maven-metadata.xml
[INFO] Downloading from CodeMC: https://repo.codemc.org/repository/maven-public/org/bukkit/bukkit/1.13.1-R0.1-SNAPSHOT/maven-metadata.xml
[INFO] Downloading from placeholderapi: https://repo.extendedclip.com/content/repositories/placeholderapi/org/bukkit/bukkit/1.13.1-R0.1-SNAPSHOT/maven-metadata.xml
[INFO] Downloading from rosewood-repo: https://repo.rosewooddev.io/repository/public/org/bukkit/bukkit/1.13.1-R0.1-SNAPSHOT/maven-metadata.xml
[INFO] Downloaded from spigot-repo: https://hub.spigotmc.org/nexus/content/repositories/snapshots/org/bukkit/bukkit/1.13.1-R0.1-SNAPSHOT/maven-metadata.xml (1.4 kB at 3.6 kB/s)
[INFO] Downloading from papermc: https://repo.papermc.io/repository/maven-public/org/bukkit/bukkit/1.13.1-R0.1-SNAPSHOT/bukkit-1.13.1-R0.1-20181022.190036-99.pom
[INFO] Downloaded from papermc: https://repo.papermc.io/repository/maven-public/org/bukkit/bukkit/1.13.1-R0.1-SNAPSHOT/bukkit-1.13.1-R0.1-20181022.190036-99.pom (6.3 kB at 252 kB/s)
[INFO] Downloading from papermc: https://repo.papermc.io/repository/maven-public/commons-lang/commons-lang/2.6/commons-lang-2.6.pom
[INFO] Downloaded from papermc: https://repo.papermc.io/repository/maven-public/commons-lang/commons-lang/2.6/commons-lang-2.6.pom (17 kB at 648 kB/s)
[INFO] Downloading from papermc: https://repo.papermc.io/repository/maven-public/org/apache/commons/commons-parent/17/commons-parent-17.pom
[INFO] Downloaded from papermc: https://repo.papermc.io/repository/maven-public/org/apache/commons/commons-parent/17/commons-parent-17.pom (31 kB at 1.2 MB/s)
[INFO] Downloading from papermc: https://repo.papermc.io/repository/maven-public/org/apache/apache/7/apache-7.pom
[INFO] Downloaded from papermc: https://repo.papermc.io/repository/maven-public/org/apache/apache/7/apache-7.pom (14 kB at 487 kB/s)
[INFO] Downloading from papermc: https://repo.papermc.io/repository/maven-public/com/googlecode/json-simple/json-simple/1.1.1/json-simple-1.1.1.pom
[INFO] Downloaded from papermc: https://repo.papermc.io/repository/maven-public/com/googlecode/json-simple/json-simple/1.1.1/json-simple-1.1.1.pom (3.5 kB at 139 kB/s)
[INFO] Downloading from papermc: https://repo.papermc.io/repository/maven-public/junit/junit/4.10/junit-4.10.pom
[INFO] Downloaded from papermc: https://repo.papermc.io/repository/maven-public/junit/junit/4.10/junit-4.10.pom (2.3 kB at 94 kB/s)
[INFO] Downloading from papermc: https://repo.papermc.io/repository/maven-public/org/hamcrest/hamcrest-core/1.1/hamcrest-core-1.1.pom
[INFO] Downloaded from papermc: https://repo.papermc.io/repository/maven-public/org/hamcrest/hamcrest-core/1.1/hamcrest-core-1.1.pom (481 B at 14 kB/s)
[INFO] Downloading from papermc: https://repo.papermc.io/repository/maven-public/org/hamcrest/hamcrest-parent/1.1/hamcrest-parent-1.1.pom
[INFO] Downloaded from papermc: https://repo.papermc.io/repository/maven-public/org/hamcrest/hamcrest-parent/1.1/hamcrest-parent-1.1.pom (5.9 kB at 218 kB/s)
[INFO] Downloading from papermc: https://repo.papermc.io/repository/maven-public/com/google/guava/guava/21.0/guava-21.0.pom
[INFO] Downloaded from papermc: https://repo.papermc.io/repository/maven-public/com/google/guava/guava/21.0/guava-21.0.pom (7.0 kB at 234 kB/s)
[INFO] Downloading from papermc: https://repo.papermc.io/repository/maven-public/com/google/guava/guava-parent/21.0/guava-parent-21.0.pom
[INFO] Downloaded from papermc: https://repo.papermc.io/repository/maven-public/com/google/guava/guava-parent/21.0/guava-parent-21.0.pom (9.7 kB at 302 kB/s)
[INFO] Downloading from papermc: https://repo.papermc.io/repository/maven-public/com/google/code/gson/gson/2.8.0/gson-2.8.0.pom
[INFO] Downloaded from papermc: https://repo.papermc.io/repository/maven-public/com/google/code/gson/gson/2.8.0/gson-2.8.0.pom (1.4 kB at 48 kB/s)
[INFO] Downloading from papermc: https://repo.papermc.io/repository/maven-public/com/google/code/gson/gson-parent/2.8.0/gson-parent-2.8.0.pom
[INFO] Downloaded from papermc: https://repo.papermc.io/repository/maven-public/com/google/code/gson/gson-parent/2.8.0/gson-parent-2.8.0.pom (3.5 kB at 151 kB/s)
[INFO] Downloading from papermc: https://repo.papermc.io/repository/maven-public/org/yaml/snakeyaml/1.21/snakeyaml-1.21.pom
[INFO] Downloaded from papermc: https://repo.papermc.io/repository/maven-public/org/yaml/snakeyaml/1.21/snakeyaml-1.21.pom (38 kB at 1.3 MB/s)
[INFO] Downloading from papermc: https://repo.papermc.io/repository/maven-public/org/bstats/bstats-bukkit/2.2.1/bstats-bukkit-2.2.1.pom
[INFO] Downloaded from papermc: https://repo.papermc.io/repository/maven-public/org/bstats/bstats-bukkit/2.2.1/bstats-bukkit-2.2.1.pom (1.7 kB at 6.9 kB/s)
[INFO] Downloading from papermc: https://repo.papermc.io/repository/maven-public/org/bstats/bstats-base/2.2.1/bstats-base-2.2.1.pom
[INFO] Downloaded from papermc: https://repo.papermc.io/repository/maven-public/org/bstats/bstats-base/2.2.1/bstats-base-2.2.1.pom (1.5 kB at 6.0 kB/s)
[INFO] Downloading from papermc: https://repo.papermc.io/repository/maven-public/com/opencsv/opencsv/5.9/opencsv-5.9.pom
[INFO] Downloaded from papermc: https://repo.papermc.io/repository/maven-public/com/opencsv/opencsv/5.9/opencsv-5.9.pom (36 kB at 151 kB/s)
[INFO] Downloading from papermc: https://repo.papermc.io/repository/maven-public/org/apache/commons/commons-lang3/3.13.0/commons-lang3-3.13.0.pom
[INFO] Downloaded from papermc: https://repo.papermc.io/repository/maven-public/org/apache/commons/commons-lang3/3.13.0/commons-lang3-3.13.0.pom (31 kB at 124 kB/s)
[INFO] Downloading from papermc: https://repo.papermc.io/repository/maven-public/org/apache/commons/commons-text/1.11.0/commons-text-1.11.0.pom
[INFO] Downloaded from papermc: https://repo.papermc.io/repository/maven-public/org/apache/commons/commons-text/1.11.0/commons-text-1.11.0.pom (19 kB at 72 kB/s)
[INFO] Downloading from papermc: https://repo.papermc.io/repository/maven-public/org/apache/commons/commons-parent/64/commons-parent-64.pom
[INFO] Downloaded from papermc: https://repo.papermc.io/repository/maven-public/org/apache/commons/commons-parent/64/commons-parent-64.pom (78 kB at 309 kB/s)
[INFO] Downloading from papermc: https://repo.papermc.io/repository/maven-public/org/apache/apache/30/apache-30.pom
[INFO] Downloaded from papermc: https://repo.papermc.io/repository/maven-public/org/apache/apache/30/apache-30.pom (23 kB at 93 kB/s)
[INFO] Downloading from papermc: https://repo.papermc.io/repository/maven-public/org/junit/junit-bom/5.10.0/junit-bom-5.10.0.pom
[INFO] Downloaded from papermc: https://repo.papermc.io/repository/maven-public/org/junit/junit-bom/5.10.0/junit-bom-5.10.0.pom (5.6 kB at 35 kB/s)
[INFO] Downloading from papermc: https://repo.papermc.io/repository/maven-public/commons-beanutils/commons-beanutils/1.9.4/commons-beanutils-1.9.4.pom
[INFO] Downloaded from papermc: https://repo.papermc.io/repository/maven-public/commons-beanutils/commons-beanutils/1.9.4/commons-beanutils-1.9.4.pom (18 kB at 75 kB/s)
[INFO] Downloading from papermc: https://repo.papermc.io/repository/maven-public/org/apache/commons/commons-parent/47/commons-parent-47.pom
[INFO] Downloaded from papermc: https://repo.papermc.io/repository/maven-public/org/apache/commons/commons-parent/47/commons-parent-47.pom (78 kB at 531 kB/s)
[INFO] Downloading from papermc: https://repo.papermc.io/repository/maven-public/org/apache/apache/19/apache-19.pom
[INFO] Downloaded from papermc: https://repo.papermc.io/repository/maven-public/org/apache/apache/19/apache-19.pom (16 kB at 98 kB/s)
[INFO] Downloading from papermc: https://repo.papermc.io/repository/maven-public/commons-logging/commons-logging/1.2/commons-logging-1.2.pom
[INFO] Downloaded from papermc: https://repo.papermc.io/repository/maven-public/commons-logging/commons-logging/1.2/commons-logging-1.2.pom (19 kB at 124 kB/s)
[INFO] Downloading from papermc: https://repo.papermc.io/repository/maven-public/org/apache/commons/commons-parent/34/commons-parent-34.pom
[INFO] Downloaded from papermc: https://repo.papermc.io/repository/maven-public/org/apache/commons/commons-parent/34/commons-parent-34.pom (56 kB at 343 kB/s)
[INFO] Downloading from papermc: https://repo.papermc.io/repository/maven-public/org/apache/apache/13/apache-13.pom
[INFO] Downloaded from papermc: https://repo.papermc.io/repository/maven-public/org/apache/apache/13/apache-13.pom (14 kB at 87 kB/s)
[INFO] Downloading from papermc: https://repo.papermc.io/repository/maven-public/commons-collections/commons-collections/3.2.2/commons-collections-3.2.2.pom
[INFO] Downloaded from papermc: https://repo.papermc.io/repository/maven-public/commons-collections/commons-collections/3.2.2/commons-collections-3.2.2.pom (12 kB at 19 kB/s)
[INFO] Downloading from papermc: https://repo.papermc.io/repository/maven-public/org/apache/commons/commons-parent/39/commons-parent-39.pom
[INFO] Downloaded from papermc: https://repo.papermc.io/repository/maven-public/org/apache/commons/commons-parent/39/commons-parent-39.pom (62 kB at 244 kB/s)
[INFO] Downloading from papermc: https://repo.papermc.io/repository/maven-public/org/apache/apache/16/apache-16.pom
[INFO] Downloaded from papermc: https://repo.papermc.io/repository/maven-public/org/apache/apache/16/apache-16.pom (16 kB at 67 kB/s)
[INFO] Downloading from papermc: https://repo.papermc.io/repository/maven-public/org/apache/commons/commons-collections4/4.4/commons-collections4-4.4.pom
[INFO] Downloaded from papermc: https://repo.papermc.io/repository/maven-public/org/apache/commons/commons-collections4/4.4/commons-collections4-4.4.pom (24 kB at 100 kB/s)
[INFO] Downloading from papermc: https://repo.papermc.io/repository/maven-public/org/apache/commons/commons-parent/48/commons-parent-48.pom
[INFO] Downloaded from papermc: https://repo.papermc.io/repository/maven-public/org/apache/commons/commons-parent/48/commons-parent-48.pom (72 kB at 294 kB/s)
[INFO] Downloading from papermc: https://repo.papermc.io/repository/maven-public/commons-io/commons-io/2.18.0/commons-io-2.18.0.pom
[INFO] Downloaded from papermc: https://repo.papermc.io/repository/maven-public/commons-io/commons-io/2.18.0/commons-io-2.18.0.pom (20 kB at 103 kB/s)
[INFO] Downloading from papermc: https://repo.papermc.io/repository/maven-public/org/apache/commons/commons-parent/78/commons-parent-78.pom
[INFO] Downloaded from papermc: https://repo.papermc.io/repository/maven-public/org/apache/commons/commons-parent/78/commons-parent-78.pom (78 kB at 363 kB/s)
[INFO] Downloading from papermc: https://repo.papermc.io/repository/maven-public/org/junit/junit-bom/5.11.2/junit-bom-5.11.2.pom
[INFO] Downloaded from papermc: https://repo.papermc.io/repository/maven-public/org/junit/junit-bom/5.11.2/junit-bom-5.11.2.pom (5.6 kB at 29 kB/s)
[INFO] Downloading from papermc: https://repo.papermc.io/repository/maven-public/me/clip/placeholderapi/2.11.6/placeholderapi-2.11.6.pom
[INFO] Downloading from spigot-repo: https://hub.spigotmc.org/nexus/content/repositories/snapshots/me/clip/placeholderapi/2.11.6/placeholderapi-2.11.6.pom
[INFO] Downloading from jitpack.io: https://jitpack.io/me/clip/placeholderapi/2.11.6/placeholderapi-2.11.6.pom
[INFO] Downloading from sonatype: https://oss.sonatype.org/content/groups/public/me/clip/placeholderapi/2.11.6/placeholderapi-2.11.6.pom
[INFO] Downloading from vault-repo: https://nexus.hc.to/content/repositories/pub_releases/me/clip/placeholderapi/2.11.6/placeholderapi-2.11.6.pom
[INFO] Downloading from CodeMC: https://repo.codemc.org/repository/maven-public/me/clip/placeholderapi/2.11.6/placeholderapi-2.11.6.pom
[INFO] Downloading from placeholderapi: https://repo.extendedclip.com/content/repositories/placeholderapi/me/clip/placeholderapi/2.11.6/placeholderapi-2.11.6.pom
[INFO] Downloaded from placeholderapi: https://repo.extendedclip.com/content/repositories/placeholderapi/me/clip/placeholderapi/2.11.6/placeholderapi-2.11.6.pom (1.4 kB at 2.0 kB/s)
[INFO] Downloading from papermc: https://repo.papermc.io/repository/maven-public/org/jetbrains/annotations/23.0.0/annotations-23.0.0.pom
[INFO] Downloaded from papermc: https://repo.papermc.io/repository/maven-public/org/jetbrains/annotations/23.0.0/annotations-23.0.0.pom (1.4 kB at 45 kB/s)
[INFO] Downloading from papermc: https://repo.papermc.io/repository/maven-public/org/bstats/bstats-bukkit/3.0.1/bstats-bukkit-3.0.1.pom
[INFO] Downloaded from papermc: https://repo.papermc.io/repository/maven-public/org/bstats/bstats-bukkit/3.0.1/bstats-bukkit-3.0.1.pom (1.7 kB at 75 kB/s)
[INFO] Downloading from papermc: https://repo.papermc.io/repository/maven-public/org/bstats/bstats-base/3.0.1/bstats-base-3.0.1.pom
[INFO] Downloaded from papermc: https://repo.papermc.io/repository/maven-public/org/bstats/bstats-base/3.0.1/bstats-base-3.0.1.pom (1.5 kB at 61 kB/s)
[INFO] Downloading from papermc: https://repo.papermc.io/repository/maven-public/net/kyori/adventure-platform-bukkit/4.3.2/adventure-platform-bukkit-4.3.2.pom
[INFO] Downloaded from papermc: https://repo.papermc.io/repository/maven-public/net/kyori/adventure-platform-bukkit/4.3.2/adventure-platform-bukkit-4.3.2.pom (4.0 kB at 168 kB/s)
[INFO] Downloading from papermc: https://repo.papermc.io/repository/maven-public/net/kyori/adventure-platform-api/4.3.2/adventure-platform-api-4.3.2.pom
[INFO] Downloaded from papermc: https://repo.papermc.io/repository/maven-public/net/kyori/adventure-platform-api/4.3.2/adventure-platform-api-4.3.2.pom (2.3 kB at 97 kB/s)
[INFO] Downloading from papermc: https://repo.papermc.io/repository/maven-public/net/kyori/adventure-api/4.13.1/adventure-api-4.13.1.pom
[INFO] Downloaded from papermc: https://repo.papermc.io/repository/maven-public/net/kyori/adventure-api/4.13.1/adventure-api-4.13.1.pom (3.4 kB at 146 kB/s)
[INFO] Downloading from papermc: https://repo.papermc.io/repository/maven-public/net/kyori/adventure-bom/4.13.1/adventure-bom-4.13.1.pom
[INFO] Downloaded from papermc: https://repo.papermc.io/repository/maven-public/net/kyori/adventure-bom/4.13.1/adventure-bom-4.13.1.pom (4.6 kB at 179 kB/s)
[INFO] Downloading from papermc: https://repo.papermc.io/repository/maven-public/net/kyori/adventure-key/4.13.1/adventure-key-4.13.1.pom
[INFO] Downloaded from papermc: https://repo.papermc.io/repository/maven-public/net/kyori/adventure-key/4.13.1/adventure-key-4.13.1.pom (3.2 kB at 127 kB/s)
[INFO] Downloading from papermc: https://repo.papermc.io/repository/maven-public/net/kyori/examination-api/1.3.0/examination-api-1.3.0.pom
[INFO] Downloaded from papermc: https://repo.papermc.io/repository/maven-public/net/kyori/examination-api/1.3.0/examination-api-1.3.0.pom (2.1 kB at 8.2 kB/s)
[INFO] Downloading from papermc: https://repo.papermc.io/repository/maven-public/org/jetbrains/annotations/22.0.0/annotations-22.0.0.pom
[INFO] Downloaded from papermc: https://repo.papermc.io/repository/maven-public/org/jetbrains/annotations/22.0.0/annotations-22.0.0.pom (1.3 kB at 55 kB/s)
[INFO] Downloading from papermc: https://repo.papermc.io/repository/maven-public/net/kyori/examination-string/1.3.0/examination-string-1.3.0.pom
[INFO] Downloaded from papermc: https://repo.papermc.io/repository/maven-public/net/kyori/examination-string/1.3.0/examination-string-1.3.0.pom (2.1 kB at 8.9 kB/s)
[INFO] Downloading from papermc: https://repo.papermc.io/repository/maven-public/org/jetbrains/annotations/24.0.1/annotations-24.0.1.pom
[INFO] Downloaded from papermc: https://repo.papermc.io/repository/maven-public/org/jetbrains/annotations/24.0.1/annotations-24.0.1.pom (1.3 kB at 53 kB/s)
[INFO] Downloading from papermc: https://repo.papermc.io/repository/maven-public/net/kyori/adventure-text-serializer-bungeecord/4.3.2/adventure-text-serializer-bungeecord-4.3.2.pom
[INFO] Downloaded from papermc: https://repo.papermc.io/repository/maven-public/net/kyori/adventure-text-serializer-bungeecord/4.3.2/adventure-text-serializer-bungeecord-4.3.2.pom (2.9 kB at 122 kB/s)
[INFO] Downloading from papermc: https://repo.papermc.io/repository/maven-public/net/kyori/adventure-text-serializer-legacy/4.13.1/adventure-text-serializer-legacy-4.13.1.pom
[INFO] Downloaded from papermc: https://repo.papermc.io/repository/maven-public/net/kyori/adventure-text-serializer-legacy/4.13.1/adventure-text-serializer-legacy-4.13.1.pom (2.9 kB at 106 kB/s)
[INFO] Downloading from papermc: https://repo.papermc.io/repository/maven-public/net/kyori/adventure-text-serializer-gson/4.13.1/adventure-text-serializer-gson-4.13.1.pom
[INFO] Downloaded from papermc: https://repo.papermc.io/repository/maven-public/net/kyori/adventure-text-serializer-gson/4.13.1/adventure-text-serializer-gson-4.13.1.pom (3.0 kB at 116 kB/s)
[INFO] Downloading from papermc: https://repo.papermc.io/repository/maven-public/net/kyori/adventure-nbt/4.13.1/adventure-nbt-4.13.1.pom
[INFO] Downloaded from papermc: https://repo.papermc.io/repository/maven-public/net/kyori/adventure-nbt/4.13.1/adventure-nbt-4.13.1.pom (3.2 kB at 132 kB/s)
[INFO] Downloading from papermc: https://repo.papermc.io/repository/maven-public/net/kyori/adventure-text-serializer-gson-legacy-impl/4.13.1/adventure-text-serializer-gson-legacy-impl-4.13.1.pom
[INFO] Downloaded from papermc: https://repo.papermc.io/repository/maven-public/net/kyori/adventure-text-serializer-gson-legacy-impl/4.13.1/adventure-text-serializer-gson-legacy-impl-4.13.1.pom (3.2 kB at 125 kB/s)
[INFO] Downloading from papermc: https://repo.papermc.io/repository/maven-public/net/kyori/adventure-platform-facet/4.3.2/adventure-platform-facet-4.3.2.pom
[INFO] Downloaded from papermc: https://repo.papermc.io/repository/maven-public/net/kyori/adventure-platform-facet/4.3.2/adventure-platform-facet-4.3.2.pom (2.5 kB at 97 kB/s)
[INFO] Downloading from papermc: https://repo.papermc.io/repository/maven-public/net/kyori/adventure-platform-viaversion/4.3.2/adventure-platform-viaversion-4.3.2.pom
[INFO] Downloaded from papermc: https://repo.papermc.io/repository/maven-public/net/kyori/adventure-platform-viaversion/4.3.2/adventure-platform-viaversion-4.3.2.pom (2.9 kB at 116 kB/s)
[INFO] Downloading from papermc: https://repo.papermc.io/repository/maven-public/com/github/Zrips/Jobs/v5.2.2.3/Jobs-v5.2.2.3.pom
[INFO] Downloading from spigot-repo: https://hub.spigotmc.org/nexus/content/repositories/snapshots/com/github/Zrips/Jobs/v5.2.2.3/Jobs-v5.2.2.3.pom
[INFO] Downloading from jitpack.io: https://jitpack.io/com/github/Zrips/Jobs/v5.2.2.3/Jobs-v5.2.2.3.pom
[INFO] Downloaded from jitpack.io: https://jitpack.io/com/github/Zrips/Jobs/v5.2.2.3/Jobs-v5.2.2.3.pom (9.2 kB at 69 kB/s)
[WARNING] The POM for com.github.Zrips:Jobs:jar:v5.2.2.3 is invalid, transitive dependencies (if any) will not be available: 5 problems were encountered while building the effective model for com.github.Zrips:Jobs:v5.2.2.3
[ERROR] 'dependencies.dependency.systemPath' for com.gmail.nossr50.mcMMO:mcMMO:jar must specify an absolute path but is ${basedir}/libs/mcMMO-2.1.175-SNAPSHOT.jar @ 
[ERROR] 'dependencies.dependency.systemPath' for net.Zrips:CMILib:jar must specify an absolute path but is ${basedir}/libs/CMILib1.4.6.2.jar @ 
[ERROR] 'dependencies.dependency.systemPath' for com.bgsoftware:WildStackerAPI:jar must specify an absolute path but is ${basedir}/libs/WildStackerAPI-2023.2.jar @ 
[ERROR] 'dependencies.dependency.systemPath' for com.github.Nathat23:StackMob-5:jar must specify an absolute path but is ${basedir}/libs/StackMob-5.5.3.jar @ 
[ERROR] 'dependencies.dependency.systemPath' for de.keyle:mypet:jar must specify an absolute path but is ${basedir}/libs/mypet-3.11-20210318.180552-1.jar @ 

[INFO] Downloading from papermc: https://repo.papermc.io/repository/maven-public/org/projectlombok/lombok/1.18.34/lombok-1.18.34.pom
[INFO] Downloaded from papermc: https://repo.papermc.io/repository/maven-public/org/projectlombok/lombok/1.18.34/lombok-1.18.34.pom (1.5 kB at 7.5 kB/s)
[INFO] Downloading from papermc: https://repo.papermc.io/repository/maven-public/junit/junit/4.13.2/junit-4.13.2.pom
[INFO] Downloaded from papermc: https://repo.papermc.io/repository/maven-public/junit/junit/4.13.2/junit-4.13.2.pom (27 kB at 134 kB/s)
[INFO] Downloading from papermc: https://repo.papermc.io/repository/maven-public/org/hamcrest/hamcrest-core/1.3/hamcrest-core-1.3.pom
[INFO] Downloaded from papermc: https://repo.papermc.io/repository/maven-public/org/hamcrest/hamcrest-core/1.3/hamcrest-core-1.3.pom (766 B at 3.1 kB/s)
[INFO] Downloading from papermc: https://repo.papermc.io/repository/maven-public/org/hamcrest/hamcrest-parent/1.3/hamcrest-parent-1.3.pom
[INFO] Downloaded from papermc: https://repo.papermc.io/repository/maven-public/org/hamcrest/hamcrest-parent/1.3/hamcrest-parent-1.3.pom (2.0 kB at 3.8 kB/s)
[INFO] Downloading from papermc: https://repo.papermc.io/repository/maven-public/com/github/PikaMug/LocaleLib/4.1.0/LocaleLib-4.1.0.pom
[INFO] Downloading from spigot-repo: https://hub.spigotmc.org/nexus/content/repositories/snapshots/com/github/PikaMug/LocaleLib/4.1.0/LocaleLib-4.1.0.pom
[INFO] Downloading from jitpack.io: https://jitpack.io/com/github/PikaMug/LocaleLib/4.1.0/LocaleLib-4.1.0.pom
[INFO] Downloaded from jitpack.io: https://jitpack.io/com/github/PikaMug/LocaleLib/4.1.0/LocaleLib-4.1.0.pom (1.9 kB at 5.7 kB/s)
[INFO] Downloading from papermc: https://repo.papermc.io/repository/maven-public/org/black_ixx/playerpoints/3.2.7/playerpoints-3.2.7.pom
[INFO] Downloading from spigot-repo: https://hub.spigotmc.org/nexus/content/repositories/snapshots/org/black_ixx/playerpoints/3.2.7/playerpoints-3.2.7.pom
[INFO] Downloading from jitpack.io: https://jitpack.io/org/black_ixx/playerpoints/3.2.7/playerpoints-3.2.7.pom
[INFO] Downloading from sonatype: https://oss.sonatype.org/content/groups/public/org/black_ixx/playerpoints/3.2.7/playerpoints-3.2.7.pom
[INFO] Downloading from vault-repo: https://nexus.hc.to/content/repositories/pub_releases/org/black_ixx/playerpoints/3.2.7/playerpoints-3.2.7.pom
[INFO] Downloading from CodeMC: https://repo.codemc.org/repository/maven-public/org/black_ixx/playerpoints/3.2.7/playerpoints-3.2.7.pom
[INFO] Downloading from placeholderapi: https://repo.extendedclip.com/content/repositories/placeholderapi/org/black_ixx/playerpoints/3.2.7/playerpoints-3.2.7.pom
[INFO] Downloading from rosewood-repo: https://repo.rosewooddev.io/repository/public/org/black_ixx/playerpoints/3.2.7/playerpoints-3.2.7.pom
[INFO] Downloaded from rosewood-repo: https://repo.rosewooddev.io/repository/public/org/black_ixx/playerpoints/3.2.7/playerpoints-3.2.7.pom (441 B at 3.1 kB/s)
[INFO] Downloading from papermc: https://repo.papermc.io/repository/maven-public/io/papermc/paper/paper-api/26.2.build.119-stable/paper-api-26.2.build.119-stable.jar
[INFO] Downloaded from papermc: https://repo.papermc.io/repository/maven-public/io/papermc/paper/paper-api/26.2.build.119-stable/paper-api-26.2.build.119-stable.jar (2.9 MB at 26 MB/s)
[INFO] Downloading from papermc: https://repo.papermc.io/repository/maven-public/com/google/guava/guava/33.6.0-jre/guava-33.6.0-jre.jar
[INFO] Downloading from papermc: https://repo.papermc.io/repository/maven-public/com/google/guava/failureaccess/1.0.3/failureaccess-1.0.3.jar
[INFO] Downloading from papermc: https://repo.papermc.io/repository/maven-public/com/google/guava/listenablefuture/9999.0-empty-to-avoid-conflict-with-guava/listenablefuture-9999.0-empty-to-avoid-conflict-with-guava.jar
[INFO] Downloading from papermc: https://repo.papermc.io/repository/maven-public/com/google/errorprone/error_prone_annotations/2.47.0/error_prone_annotations-2.47.0.jar
[INFO] Downloading from papermc: https://repo.papermc.io/repository/maven-public/com/google/j2objc/j2objc-annotations/3.1/j2objc-annotations-3.1.jar
[INFO] Downloaded from papermc: https://repo.papermc.io/repository/maven-public/com/google/guava/failureaccess/1.0.3/failureaccess-1.0.3.jar (11 kB at 384 kB/s)
[INFO] Downloading from papermc: https://repo.papermc.io/repository/maven-public/com/google/code/gson/gson/2.14.0/gson-2.14.0.jar
[INFO] Downloaded from papermc: https://repo.papermc.io/repository/maven-public/com/google/code/gson/gson/2.14.0/gson-2.14.0.jar (314 kB at 5.3 MB/s)
[INFO] Downloading from papermc: https://repo.papermc.io/repository/maven-public/org/yaml/snakeyaml/2.2/snakeyaml-2.2.jar
[INFO] Downloaded from papermc: https://repo.papermc.io/repository/maven-public/com/google/errorprone/error_prone_annotations/2.47.0/error_prone_annotations-2.47.0.jar (20 kB at 302 kB/s)
[INFO] Downloading from papermc: https://repo.papermc.io/repository/maven-public/org/joml/joml/1.10.8/joml-1.10.8.jar
[INFO] Downloaded from papermc: https://repo.papermc.io/repository/maven-public/com/google/guava/listenablefuture/9999.0-empty-to-avoid-conflict-with-guava/listenablefuture-9999.0-empty-to-avoid-conflict-with-guava.jar (2.2 kB at 29 kB/s)
[INFO] Downloading from papermc: https://repo.papermc.io/repository/maven-public/it/unimi/dsi/fastutil/8.5.18/fastutil-8.5.18.jar
[INFO] Downloaded from papermc: https://repo.papermc.io/repository/maven-public/org/yaml/snakeyaml/2.2/snakeyaml-2.2.jar (334 kB at 3.8 MB/s)
[INFO] Downloading from papermc: https://repo.papermc.io/repository/maven-public/org/apache/logging/log4j/log4j-api/2.26.0/log4j-api-2.26.0.jar
[INFO] Downloaded from papermc: https://repo.papermc.io/repository/maven-public/org/apache/logging/log4j/log4j-api/2.26.0/log4j-api-2.26.0.jar (351 kB at 3.0 MB/s)
[INFO] Downloading from papermc: https://repo.papermc.io/repository/maven-public/org/slf4j/slf4j-api/2.0.17/slf4j-api-2.0.17.jar
[INFO] Downloaded from papermc: https://repo.papermc.io/repository/maven-public/org/slf4j/slf4j-api/2.0.17/slf4j-api-2.0.17.jar (70 kB at 482 kB/s)
[INFO] Downloading from papermc: https://repo.papermc.io/repository/maven-public/com/mojang/brigadier/1.3.10/brigadier-1.3.10.jar
[INFO] Downloaded from papermc: https://repo.papermc.io/repository/maven-public/org/joml/joml/1.10.8/joml-1.10.8.jar (779 kB at 4.9 MB/s)
[INFO] Downloading from papermc: https://repo.papermc.io/repository/maven-public/net/md-5/bungeecord-chat/1.21-R0.2-deprecated+build.21/bungeecord-chat-1.21-R0.2-deprecated+build.21.jar
[INFO] Downloaded from papermc: https://repo.papermc.io/repository/maven-public/com/mojang/brigadier/1.3.10/brigadier-1.3.10.jar (80 kB at 468 kB/s)
[INFO] Downloading from papermc: https://repo.papermc.io/repository/maven-public/org/apache/maven/maven-resolver-provider/3.9.6/maven-resolver-provider-3.9.6.jar
[INFO] Downloaded from papermc: https://repo.papermc.io/repository/maven-public/com/google/j2objc/j2objc-annotations/3.1/j2objc-annotations-3.1.jar (17 kB at 92 kB/s)
[INFO] Downloading from papermc: https://repo.papermc.io/repository/maven-public/org/apache/maven/maven-model/3.9.6/maven-model-3.9.6.jar
[INFO] Downloaded from papermc: https://repo.papermc.io/repository/maven-public/com/google/guava/guava/33.6.0-jre/guava-33.6.0-jre.jar (3.1 MB at 16 MB/s)
[INFO] Downloading from papermc: https://repo.papermc.io/repository/maven-public/org/apache/maven/maven-model-builder/3.9.6/maven-model-builder-3.9.6.jar
[INFO] Downloaded from papermc: https://repo.papermc.io/repository/maven-public/net/md-5/bungeecord-chat/1.21-R0.2-deprecated+build.21/bungeecord-chat-1.21-R0.2-deprecated+build.21.jar (168 kB at 875 kB/s)
[INFO] Downloading from papermc: https://repo.papermc.io/repository/maven-public/org/codehaus/plexus/plexus-interpolation/1.26/plexus-interpolation-1.26.jar
[INFO] Downloaded from papermc: https://repo.papermc.io/repository/maven-public/org/apache/maven/maven-resolver-provider/3.9.6/maven-resolver-provider-3.9.6.jar (74 kB at 372 kB/s)
[INFO] Downloading from papermc: https://repo.papermc.io/repository/maven-public/org/apache/maven/maven-artifact/3.9.6/maven-artifact-3.9.6.jar
[INFO] Downloaded from papermc: https://repo.papermc.io/repository/maven-public/org/apache/maven/maven-model-builder/3.9.6/maven-model-builder-3.9.6.jar (198 kB at 949 kB/s)
[INFO] Downloading from papermc: https://repo.papermc.io/repository/maven-public/org/apache/maven/maven-builder-support/3.9.6/maven-builder-support-3.9.6.jar
[INFO] Downloaded from papermc: https://repo.papermc.io/repository/maven-public/org/codehaus/plexus/plexus-interpolation/1.26/plexus-interpolation-1.26.jar (85 kB at 381 kB/s)
[INFO] Downloading from papermc: https://repo.papermc.io/repository/maven-public/org/eclipse/sisu/org.eclipse.sisu.inject/0.9.0.M2/org.eclipse.sisu.inject-0.9.0.M2.jar
[INFO] Downloaded from papermc: https://repo.papermc.io/repository/maven-public/org/apache/maven/maven-artifact/3.9.6/maven-artifact-3.9.6.jar (59 kB at 261 kB/s)
[INFO] Downloading from papermc: https://repo.papermc.io/repository/maven-public/org/apache/maven/maven-repository-metadata/3.9.6/maven-repository-metadata-3.9.6.jar
[INFO] Downloaded from papermc: https://repo.papermc.io/repository/maven-public/org/apache/maven/maven-builder-support/3.9.6/maven-builder-support-3.9.6.jar (14 kB at 62 kB/s)
[INFO] Downloading from papermc: https://repo.papermc.io/repository/maven-public/org/apache/maven/resolver/maven-resolver-api/1.9.18/maven-resolver-api-1.9.18.jar
[INFO] Downloaded from papermc: https://repo.papermc.io/repository/maven-public/org/apache/maven/maven-model/3.9.6/maven-model-3.9.6.jar (218 kB at 942 kB/s)
[INFO] Downloading from papermc: https://repo.papermc.io/repository/maven-public/org/apache/maven/resolver/maven-resolver-spi/1.9.18/maven-resolver-spi-1.9.18.jar
[INFO] Downloaded from papermc: https://repo.papermc.io/repository/maven-public/org/apache/maven/maven-repository-metadata/3.9.6/maven-repository-metadata-3.9.6.jar (28 kB at 113 kB/s)
[INFO] Downloading from papermc: https://repo.papermc.io/repository/maven-public/org/apache/maven/resolver/maven-resolver-util/1.9.18/maven-resolver-util-1.9.18.jar
[INFO] Downloaded from papermc: https://repo.papermc.io/repository/maven-public/org/apache/maven/resolver/maven-resolver-api/1.9.18/maven-resolver-api-1.9.18.jar (157 kB at 621 kB/s)
[INFO] Downloading from papermc: https://repo.papermc.io/repository/maven-public/org/apache/maven/resolver/maven-resolver-impl/1.9.18/maven-resolver-impl-1.9.18.jar
[INFO] Downloaded from papermc: https://repo.papermc.io/repository/maven-public/org/apache/maven/resolver/maven-resolver-spi/1.9.18/maven-resolver-spi-1.9.18.jar (52 kB at 197 kB/s)
[INFO] Downloading from papermc: https://repo.papermc.io/repository/maven-public/org/apache/maven/resolver/maven-resolver-named-locks/1.9.18/maven-resolver-named-locks-1.9.18.jar
[INFO] Downloaded from papermc: https://repo.papermc.io/repository/maven-public/org/eclipse/sisu/org.eclipse.sisu.inject/0.9.0.M2/org.eclipse.sisu.inject-0.9.0.M2.jar (425 kB at 1.6 MB/s)
[INFO] Downloading from papermc: https://repo.papermc.io/repository/maven-public/org/codehaus/plexus/plexus-utils/3.5.1/plexus-utils-3.5.1.jar
[INFO] Downloaded from papermc: https://repo.papermc.io/repository/maven-public/org/apache/maven/resolver/maven-resolver-impl/1.9.18/maven-resolver-impl-1.9.18.jar (318 kB at 1.1 MB/s)
[INFO] Downloading from papermc: https://repo.papermc.io/repository/maven-public/javax/inject/javax.inject/1/javax.inject-1.jar
[INFO] Downloaded from papermc: https://repo.papermc.io/repository/maven-public/org/apache/maven/resolver/maven-resolver-util/1.9.18/maven-resolver-util-1.9.18.jar (196 kB at 693 kB/s)
[INFO] Downloading from papermc: https://repo.papermc.io/repository/maven-public/net/kyori/adventure-api/5.2.0/adventure-api-5.2.0.jar
[INFO] Downloaded from papermc: https://repo.papermc.io/repository/maven-public/org/apache/maven/resolver/maven-resolver-named-locks/1.9.18/maven-resolver-named-locks-1.9.18.jar (38 kB at 133 kB/s)
[INFO] Downloading from papermc: https://repo.papermc.io/repository/maven-public/net/kyori/adventure-key/5.2.0/adventure-key-5.2.0.jar
[INFO] Downloaded from papermc: https://repo.papermc.io/repository/maven-public/org/codehaus/plexus/plexus-utils/3.5.1/plexus-utils-3.5.1.jar (269 kB at 898 kB/s)
[INFO] Downloading from papermc: https://repo.papermc.io/repository/maven-public/net/kyori/adventure-text-minimessage/5.2.0/adventure-text-minimessage-5.2.0.jar
[INFO] Downloaded from papermc: https://repo.papermc.io/repository/maven-public/javax/inject/javax.inject/1/javax.inject-1.jar (2.5 kB at 8.3 kB/s)
[INFO] Downloading from papermc: https://repo.papermc.io/repository/maven-public/net/kyori/adventure-text-serializer-gson/5.2.0/adventure-text-serializer-gson-5.2.0.jar
[INFO] Downloaded from papermc: https://repo.papermc.io/repository/maven-public/net/kyori/adventure-text-serializer-gson/5.2.0/adventure-text-serializer-gson-5.2.0.jar (68 kB at 210 kB/s)
[INFO] Downloading from papermc: https://repo.papermc.io/repository/maven-public/net/kyori/adventure-text-serializer-json/5.2.0/adventure-text-serializer-json-5.2.0.jar
[INFO] Downloaded from papermc: https://repo.papermc.io/repository/maven-public/net/kyori/adventure-api/5.2.0/adventure-api-5.2.0.jar (428 kB at 1.3 MB/s)
[INFO] Downloading from papermc: https://repo.papermc.io/repository/maven-public/net/kyori/option/1.1.0/option-1.1.0.jar
[INFO] Downloaded from papermc: https://repo.papermc.io/repository/maven-public/net/kyori/adventure-text-minimessage/5.2.0/adventure-text-minimessage-5.2.0.jar (204 kB at 606 kB/s)
[INFO] Downloading from papermc: https://repo.papermc.io/repository/maven-public/com/google/auto/service/auto-service-annotations/1.1.1/auto-service-annotations-1.1.1.jar
[INFO] Downloaded from papermc: https://repo.papermc.io/repository/maven-public/net/kyori/adventure-text-serializer-json/5.2.0/adventure-text-serializer-json-5.2.0.jar (16 kB at 46 kB/s)
[INFO] Downloading from papermc: https://repo.papermc.io/repository/maven-public/net/kyori/adventure-text-serializer-commons/5.2.0/adventure-text-serializer-commons-5.2.0.jar
[INFO] Downloaded from papermc: https://repo.papermc.io/repository/maven-public/net/kyori/option/1.1.0/option-1.1.0.jar (32 kB at 91 kB/s)
[INFO] Downloading from papermc: https://repo.papermc.io/repository/maven-public/net/kyori/adventure-text-serializer-legacy/5.2.0/adventure-text-serializer-legacy-5.2.0.jar
[INFO] Downloaded from papermc: https://repo.papermc.io/repository/maven-public/net/kyori/adventure-text-serializer-commons/5.2.0/adventure-text-serializer-commons-5.2.0.jar (3.6 kB at 9.8 kB/s)
[INFO] Downloading from papermc: https://repo.papermc.io/repository/maven-public/net/kyori/adventure-text-serializer-plain/5.2.0/adventure-text-serializer-plain-5.2.0.jar
[INFO] Downloaded from papermc: https://repo.papermc.io/repository/maven-public/com/google/auto/service/auto-service-annotations/1.1.1/auto-service-annotations-1.1.1.jar (3.2 kB at 8.4 kB/s)
[INFO] Downloading from papermc: https://repo.papermc.io/repository/maven-public/net/kyori/adventure-text-logger-slf4j/5.2.0/adventure-text-logger-slf4j-5.2.0.jar
[INFO] Downloaded from papermc: https://repo.papermc.io/repository/maven-public/net/kyori/adventure-text-serializer-legacy/5.2.0/adventure-text-serializer-legacy-5.2.0.jar (30 kB at 79 kB/s)
[INFO] Downloading from papermc: https://repo.papermc.io/repository/maven-public/org/jspecify/jspecify/1.0.0/jspecify-1.0.0.jar
[INFO] Downloaded from papermc: https://repo.papermc.io/repository/maven-public/net/kyori/adventure-text-serializer-plain/5.2.0/adventure-text-serializer-plain-5.2.0.jar (8.6 kB at 22 kB/s)
[INFO] Downloading from papermc: https://repo.papermc.io/repository/maven-public/org/checkerframework/checker-qual/3.49.2/checker-qual-3.49.2.jar
[INFO] Downloaded from papermc: https://repo.papermc.io/repository/maven-public/org/jspecify/jspecify/1.0.0/jspecify-1.0.0.jar (3.8 kB at 9.4 kB/s)
[INFO] Downloading from papermc: https://repo.papermc.io/repository/maven-public/org/apache/maven/resolver/maven-resolver-connector-basic/1.9.18/maven-resolver-connector-basic-1.9.18.jar
[INFO] Downloaded from papermc: https://repo.papermc.io/repository/maven-public/net/kyori/adventure-text-logger-slf4j/5.2.0/adventure-text-logger-slf4j-5.2.0.jar (25 kB at 60 kB/s)
[INFO] Downloading from papermc: https://repo.papermc.io/repository/maven-public/org/apache/maven/resolver/maven-resolver-transport-http/1.9.18/maven-resolver-transport-http-1.9.18.jar
[INFO] Downloaded from papermc: https://repo.papermc.io/repository/maven-public/org/checkerframework/checker-qual/3.49.2/checker-qual-3.49.2.jar (238 kB at 570 kB/s)
[INFO] Downloading from papermc: https://repo.papermc.io/repository/maven-public/org/apache/httpcomponents/httpclient/4.5.14/httpclient-4.5.14.jar
[INFO] Downloaded from papermc: https://repo.papermc.io/repository/maven-public/net/kyori/adventure-key/5.2.0/adventure-key-5.2.0.jar (11 kB at 26 kB/s)
[INFO] Downloading from papermc: https://repo.papermc.io/repository/maven-public/org/apache/httpcomponents/httpcore/4.4.16/httpcore-4.4.16.jar
[INFO] Downloaded from papermc: https://repo.papermc.io/repository/maven-public/org/apache/maven/resolver/maven-resolver-connector-basic/1.9.18/maven-resolver-connector-basic-1.9.18.jar (40 kB at 93 kB/s)
[INFO] Downloading from papermc: https://repo.papermc.io/repository/maven-public/commons-codec/commons-codec/1.16.0/commons-codec-1.16.0.jar
[INFO] Downloaded from papermc: https://repo.papermc.io/repository/maven-public/org/apache/maven/resolver/maven-resolver-transport-http/1.9.18/maven-resolver-transport-http-1.9.18.jar (56 kB at 128 kB/s)
[INFO] Downloading from papermc: https://repo.papermc.io/repository/maven-public/org/slf4j/jcl-over-slf4j/1.7.36/jcl-over-slf4j-1.7.36.jar
[INFO] Downloaded from papermc: https://repo.papermc.io/repository/maven-public/org/apache/httpcomponents/httpclient/4.5.14/httpclient-4.5.14.jar (786 kB at 1.8 MB/s)
[INFO] Downloading from papermc: https://repo.papermc.io/repository/maven-public/com/github/MilkBowl/VaultAPI/1.7/VaultAPI-1.7.jar
[INFO] Downloaded from papermc: https://repo.papermc.io/repository/maven-public/org/slf4j/jcl-over-slf4j/1.7.36/jcl-over-slf4j-1.7.36.jar (17 kB at 36 kB/s)
[INFO] Downloading from papermc: https://repo.papermc.io/repository/maven-public/org/bukkit/bukkit/1.13.1-R0.1-SNAPSHOT/bukkit-1.13.1-R0.1-20181022.190036-99.jar
[INFO] Downloaded from papermc: https://repo.papermc.io/repository/maven-public/commons-codec/commons-codec/1.16.0/commons-codec-1.16.0.jar (361 kB at 777 kB/s)
[INFO] Downloading from papermc: https://repo.papermc.io/repository/maven-public/commons-lang/commons-lang/2.6/commons-lang-2.6.jar
[INFO] Downloaded from papermc: https://repo.papermc.io/repository/maven-public/org/apache/httpcomponents/httpcore/4.4.16/httpcore-4.4.16.jar (328 kB at 689 kB/s)
[INFO] Downloading from papermc: https://repo.papermc.io/repository/maven-public/com/googlecode/json-simple/json-simple/1.1.1/json-simple-1.1.1.jar
[INFO] Downloaded from papermc: https://repo.papermc.io/repository/maven-public/commons-lang/commons-lang/2.6/commons-lang-2.6.jar (284 kB at 575 kB/s)
[INFO] Downloading from papermc: https://repo.papermc.io/repository/maven-public/org/bstats/bstats-bukkit/2.2.1/bstats-bukkit-2.2.1.jar
[INFO] Downloaded from papermc: https://repo.papermc.io/repository/maven-public/com/googlecode/json-simple/json-simple/1.1.1/json-simple-1.1.1.jar (24 kB at 47 kB/s)
[INFO] Downloading from papermc: https://repo.papermc.io/repository/maven-public/org/bstats/bstats-base/2.2.1/bstats-base-2.2.1.jar
[INFO] Downloaded from papermc: https://repo.papermc.io/repository/maven-public/org/bukkit/bukkit/1.13.1-R0.1-SNAPSHOT/bukkit-1.13.1-R0.1-20181022.190036-99.jar (1.0 MB at 2.0 MB/s)
[INFO] Downloading from papermc: https://repo.papermc.io/repository/maven-public/com/opencsv/opencsv/5.9/opencsv-5.9.jar
[INFO] Downloaded from papermc: https://repo.papermc.io/repository/maven-public/org/bstats/bstats-bukkit/2.2.1/bstats-bukkit-2.2.1.jar (4.1 kB at 7.8 kB/s)
[INFO] Downloading from papermc: https://repo.papermc.io/repository/maven-public/org/apache/commons/commons-lang3/3.13.0/commons-lang3-3.13.0.jar
[INFO] Downloaded from papermc: https://repo.papermc.io/repository/maven-public/org/bstats/bstats-base/2.2.1/bstats-base-2.2.1.jar (22 kB at 40 kB/s)
[INFO] Downloading from papermc: https://repo.papermc.io/repository/maven-public/org/apache/commons/commons-text/1.11.0/commons-text-1.11.0.jar
[INFO] Downloaded from papermc: https://repo.papermc.io/repository/maven-public/it/unimi/dsi/fastutil/8.5.18/fastutil-8.5.18.jar (24 MB at 43 MB/s)
[INFO] Downloading from papermc: https://repo.papermc.io/repository/maven-public/commons-beanutils/commons-beanutils/1.9.4/commons-beanutils-1.9.4.jar
[INFO] Downloaded from papermc: https://repo.papermc.io/repository/maven-public/com/opencsv/opencsv/5.9/opencsv-5.9.jar (240 kB at 359 kB/s)
[INFO] Downloading from papermc: https://repo.papermc.io/repository/maven-public/commons-logging/commons-logging/1.2/commons-logging-1.2.jar
[INFO] Downloaded from papermc: https://repo.papermc.io/repository/maven-public/org/apache/commons/commons-lang3/3.13.0/commons-lang3-3.13.0.jar (632 kB at 930 kB/s)
[INFO] Downloading from papermc: https://repo.papermc.io/repository/maven-public/commons-collections/commons-collections/3.2.2/commons-collections-3.2.2.jar
[INFO] Downloaded from papermc: https://repo.papermc.io/repository/maven-public/commons-logging/commons-logging/1.2/commons-logging-1.2.jar (62 kB at 88 kB/s)
[INFO] Downloading from papermc: https://repo.papermc.io/repository/maven-public/org/apache/commons/commons-collections4/4.4/commons-collections4-4.4.jar
[INFO] Downloaded from papermc: https://repo.papermc.io/repository/maven-public/commons-beanutils/commons-beanutils/1.9.4/commons-beanutils-1.9.4.jar (247 kB at 341 kB/s)
[INFO] Downloading from papermc: https://repo.papermc.io/repository/maven-public/commons-io/commons-io/2.18.0/commons-io-2.18.0.jar
[INFO] Downloaded from papermc: https://repo.papermc.io/repository/maven-public/org/apache/commons/commons-text/1.11.0/commons-text-1.11.0.jar (247 kB at 314 kB/s)
[INFO] Downloading from papermc: https://repo.papermc.io/repository/maven-public/me/clip/placeholderapi/2.11.6/placeholderapi-2.11.6.jar
[INFO] Downloaded from papermc: https://repo.papermc.io/repository/maven-public/commons-collections/commons-collections/3.2.2/commons-collections-3.2.2.jar (588 kB at 700 kB/s)
[INFO] Downloading from papermc: https://repo.papermc.io/repository/maven-public/org/jetbrains/annotations/23.0.0/annotations-23.0.0.jar
[INFO] Downloaded from papermc: https://repo.papermc.io/repository/maven-public/org/jetbrains/annotations/23.0.0/annotations-23.0.0.jar (29 kB at 34 kB/s)
[INFO] Downloading from papermc: https://repo.papermc.io/repository/maven-public/net/kyori/adventure-platform-bukkit/4.3.2/adventure-platform-bukkit-4.3.2.jar
[INFO] Downloaded from papermc: https://repo.papermc.io/repository/maven-public/net/kyori/adventure-platform-bukkit/4.3.2/adventure-platform-bukkit-4.3.2.jar (126 kB at 141 kB/s)
[INFO] Downloading from papermc: https://repo.papermc.io/repository/maven-public/net/kyori/adventure-platform-api/4.3.2/adventure-platform-api-4.3.2.jar
[INFO] Downloading from papermc: https://repo.papermc.io/repository/maven-public/net/kyori/adventure-text-serializer-bungeecord/4.3.2/adventure-text-serializer-bungeecord-4.3.2.jar
[INFO] Downloaded from papermc: https://repo.papermc.io/repository/maven-public/net/kyori/adventure-platform-api/4.3.2/adventure-platform-api-4.3.2.jar (2.5 kB at 2.7 kB/s)
[INFO] Downloading from papermc: https://repo.papermc.io/repository/maven-public/net/kyori/adventure-nbt/4.13.1/adventure-nbt-4.13.1.jar
[INFO] Downloaded from papermc: https://repo.papermc.io/repository/maven-public/commons-io/commons-io/2.18.0/commons-io-2.18.0.jar (539 kB at 571 kB/s)
[INFO] Downloading from papermc: https://repo.papermc.io/repository/maven-public/net/kyori/examination-api/1.3.0/examination-api-1.3.0.jar
[INFO] Downloaded from papermc: https://repo.papermc.io/repository/maven-public/net/kyori/adventure-nbt/4.13.1/adventure-nbt-4.13.1.jar (93 kB at 99 kB/s)
[INFO] Downloading from papermc: https://repo.papermc.io/repository/maven-public/net/kyori/examination-string/1.3.0/examination-string-1.3.0.jar
[INFO] Downloaded from papermc: https://repo.papermc.io/repository/maven-public/net/kyori/adventure-text-serializer-bungeecord/4.3.2/adventure-text-serializer-bungeecord-4.3.2.jar (9.6 kB at 10 kB/s)
[INFO] Downloading from papermc: https://repo.papermc.io/repository/maven-public/net/kyori/adventure-text-serializer-gson-legacy-impl/4.13.1/adventure-text-serializer-gson-legacy-impl-4.13.1.jar
[INFO] Downloaded from papermc: https://repo.papermc.io/repository/maven-public/org/apache/commons/commons-collections4/4.4/commons-collections4-4.4.jar (752 kB at 785 kB/s)
[INFO] Downloading from papermc: https://repo.papermc.io/repository/maven-public/net/kyori/adventure-platform-facet/4.3.2/adventure-platform-facet-4.3.2.jar
[INFO] Downloaded from papermc: https://repo.papermc.io/repository/maven-public/net/kyori/examination-string/1.3.0/examination-string-1.3.0.jar (13 kB at 14 kB/s)
[INFO] Downloading from papermc: https://repo.papermc.io/repository/maven-public/net/kyori/adventure-platform-viaversion/4.3.2/adventure-platform-viaversion-4.3.2.jar
[INFO] Downloaded from papermc: https://repo.papermc.io/repository/maven-public/net/kyori/adventure-text-serializer-gson-legacy-impl/4.13.1/adventure-text-serializer-gson-legacy-impl-4.13.1.jar (4.9 kB at 5.1 kB/s)
[INFO] Downloading from papermc: https://repo.papermc.io/repository/maven-public/com/github/Zrips/Jobs/v5.2.2.3/Jobs-v5.2.2.3.jar
[INFO] Downloaded from papermc: https://repo.papermc.io/repository/maven-public/net/kyori/adventure-platform-facet/4.3.2/adventure-platform-facet-4.3.2.jar (43 kB at 44 kB/s)
[INFO] Downloading from papermc: https://repo.papermc.io/repository/maven-public/org/projectlombok/lombok/1.18.34/lombok-1.18.34.jar
[INFO] Downloaded from papermc: https://repo.papermc.io/repository/maven-public/net/kyori/adventure-platform-viaversion/4.3.2/adventure-platform-viaversion-4.3.2.jar (20 kB at 20 kB/s)
[INFO] Downloading from papermc: https://repo.papermc.io/repository/maven-public/junit/junit/4.13.2/junit-4.13.2.jar
[INFO] Downloading from papermc: https://repo.papermc.io/repository/maven-public/org/hamcrest/hamcrest-core/1.3/hamcrest-core-1.3.jar
[INFO] Downloaded from papermc: https://repo.papermc.io/repository/maven-public/org/hamcrest/hamcrest-core/1.3/hamcrest-core-1.3.jar (45 kB at 43 kB/s)
[INFO] Downloading from papermc: https://repo.papermc.io/repository/maven-public/com/github/PikaMug/LocaleLib/4.1.0/LocaleLib-4.1.0.jar
[INFO] Downloaded from papermc: https://repo.papermc.io/repository/maven-public/net/kyori/examination-api/1.3.0/examination-api-1.3.0.jar (23 kB at 21 kB/s)
[INFO] Downloading from papermc: https://repo.papermc.io/repository/maven-public/org/black_ixx/playerpoints/3.2.7/playerpoints-3.2.7.jar
[INFO] Downloaded from papermc: https://repo.papermc.io/repository/maven-public/junit/junit/4.13.2/junit-4.13.2.jar (385 kB at 335 kB/s)
[INFO] Downloaded from papermc: https://repo.papermc.io/repository/maven-public/org/projectlombok/lombok/1.18.34/lombok-1.18.34.jar (2.1 MB at 1.7 MB/s)
[INFO] Downloading from spigot-repo: https://hub.spigotmc.org/nexus/content/repositories/snapshots/com/github/MilkBowl/VaultAPI/1.7/VaultAPI-1.7.jar
[INFO] Downloading from spigot-repo: https://hub.spigotmc.org/nexus/content/repositories/snapshots/me/clip/placeholderapi/2.11.6/placeholderapi-2.11.6.jar
[INFO] Downloading from spigot-repo: https://hub.spigotmc.org/nexus/content/repositories/snapshots/com/github/Zrips/Jobs/v5.2.2.3/Jobs-v5.2.2.3.jar
[INFO] Downloading from spigot-repo: https://hub.spigotmc.org/nexus/content/repositories/snapshots/com/github/PikaMug/LocaleLib/4.1.0/LocaleLib-4.1.0.jar
[INFO] Downloading from spigot-repo: https://hub.spigotmc.org/nexus/content/repositories/snapshots/org/black_ixx/playerpoints/3.2.7/playerpoints-3.2.7.jar
[INFO] Downloading from jitpack.io: https://jitpack.io/com/github/MilkBowl/VaultAPI/1.7/VaultAPI-1.7.jar
[INFO] Downloaded from jitpack.io: https://jitpack.io/com/github/MilkBowl/VaultAPI/1.7/VaultAPI-1.7.jar (13 kB at 109 kB/s)
[INFO] Downloading from jitpack.io: https://jitpack.io/me/clip/placeholderapi/2.11.6/placeholderapi-2.11.6.jar
[INFO] Downloading from jitpack.io: https://jitpack.io/com/github/Zrips/Jobs/v5.2.2.3/Jobs-v5.2.2.3.jar
[INFO] Downloading from jitpack.io: https://jitpack.io/com/github/PikaMug/LocaleLib/4.1.0/LocaleLib-4.1.0.jar
[INFO] Downloading from jitpack.io: https://jitpack.io/org/black_ixx/playerpoints/3.2.7/playerpoints-3.2.7.jar
[INFO] Downloaded from jitpack.io: https://jitpack.io/com/github/PikaMug/LocaleLib/4.1.0/LocaleLib-4.1.0.jar (40 kB at 225 kB/s)
[INFO] Downloaded from jitpack.io: https://jitpack.io/com/github/Zrips/Jobs/v5.2.2.3/Jobs-v5.2.2.3.jar (969 kB at 3.4 MB/s)
[INFO] Downloading from sonatype: https://oss.sonatype.org/content/groups/public/me/clip/placeholderapi/2.11.6/placeholderapi-2.11.6.jar
[INFO] Downloading from sonatype: https://oss.sonatype.org/content/groups/public/org/black_ixx/playerpoints/3.2.7/playerpoints-3.2.7.jar
[INFO] Downloading from vault-repo: https://nexus.hc.to/content/repositories/pub_releases/me/clip/placeholderapi/2.11.6/placeholderapi-2.11.6.jar
[INFO] Downloading from vault-repo: https://nexus.hc.to/content/repositories/pub_releases/org/black_ixx/playerpoints/3.2.7/playerpoints-3.2.7.jar
[INFO] Downloading from CodeMC: https://repo.codemc.org/repository/maven-public/me/clip/placeholderapi/2.11.6/placeholderapi-2.11.6.jar
[INFO] Downloading from CodeMC: https://repo.codemc.org/repository/maven-public/org/black_ixx/playerpoints/3.2.7/playerpoints-3.2.7.jar
[INFO] Downloading from placeholderapi: https://repo.extendedclip.com/content/repositories/placeholderapi/me/clip/placeholderapi/2.11.6/placeholderapi-2.11.6.jar
[INFO] Downloaded from placeholderapi: https://repo.extendedclip.com/content/repositories/placeholderapi/me/clip/placeholderapi/2.11.6/placeholderapi-2.11.6.jar (933 kB at 538 kB/s)
[INFO] Downloading from placeholderapi: https://repo.extendedclip.com/content/repositories/placeholderapi/org/black_ixx/playerpoints/3.2.7/playerpoints-3.2.7.jar
[INFO] Downloading from rosewood-repo: https://repo.rosewooddev.io/repository/public/org/black_ixx/playerpoints/3.2.7/playerpoints-3.2.7.jar
[INFO] Downloaded from rosewood-repo: https://repo.rosewooddev.io/repository/public/org/black_ixx/playerpoints/3.2.7/playerpoints-3.2.7.jar (582 kB at 2.1 MB/s)
[INFO] 
[INFO] --- resources:3.4.0:resources (default-resources) @ DynamicShop ---
[INFO] Downloading from central: https://repo.maven.apache.org/maven2/org/apache/maven/shared/maven-filtering/3.4.0/maven-filtering-3.4.0.pom
[INFO] Downloaded from central: https://repo.maven.apache.org/maven2/org/apache/maven/shared/maven-filtering/3.4.0/maven-filtering-3.4.0.pom (6.5 kB at 185 kB/s)
[INFO] Downloading from central: https://repo.maven.apache.org/maven2/org/apache/maven/shared/maven-shared-components/43/maven-shared-components-43.pom
[INFO] Downloaded from central: https://repo.maven.apache.org/maven2/org/apache/maven/shared/maven-shared-components/43/maven-shared-components-43.pom (3.8 kB at 108 kB/s)
[INFO] Downloading from central: https://repo.maven.apache.org/maven2/org/sonatype/plexus/plexus-build-api/0.0.7/plexus-build-api-0.0.7.pom
[INFO] Downloaded from central: https://repo.maven.apache.org/maven2/org/sonatype/plexus/plexus-build-api/0.0.7/plexus-build-api-0.0.7.pom (3.2 kB at 94 kB/s)
[INFO] Downloading from central: https://repo.maven.apache.org/maven2/org/sonatype/spice/spice-parent/15/spice-parent-15.pom
[INFO] Downloaded from central: https://repo.maven.apache.org/maven2/org/sonatype/spice/spice-parent/15/spice-parent-15.pom (8.4 kB at 246 kB/s)
[INFO] Downloading from central: https://repo.maven.apache.org/maven2/org/sonatype/forge/forge-parent/5/forge-parent-5.pom
[INFO] Downloaded from central: https://repo.maven.apache.org/maven2/org/sonatype/forge/forge-parent/5/forge-parent-5.pom (8.4 kB at 239 kB/s)
[INFO] Downloading from central: https://repo.maven.apache.org/maven2/org/codehaus/plexus/plexus-utils/4.0.2/plexus-utils-4.0.2.pom
[INFO] Downloaded from central: https://repo.maven.apache.org/maven2/org/codehaus/plexus/plexus-utils/4.0.2/plexus-utils-4.0.2.pom (13 kB at 413 kB/s)
[INFO] Downloading from central: https://repo.maven.apache.org/maven2/org/codehaus/plexus/plexus-xml/3.0.1/plexus-xml-3.0.1.pom
[INFO] Downloaded from central: https://repo.maven.apache.org/maven2/org/codehaus/plexus/plexus-xml/3.0.1/plexus-xml-3.0.1.pom (3.7 kB at 127 kB/s)
[INFO] Downloading from central: https://repo.maven.apache.org/maven2/org/codehaus/plexus/plexus/18/plexus-18.pom
[INFO] Downloaded from central: https://repo.maven.apache.org/maven2/org/codehaus/plexus/plexus/18/plexus-18.pom (29 kB at 812 kB/s)
[INFO] Downloading from central: https://repo.maven.apache.org/maven2/org/codehaus/plexus/plexus-interpolation/1.27/plexus-interpolation-1.27.pom
[INFO] Downloaded from central: https://repo.maven.apache.org/maven2/org/codehaus/plexus/plexus-interpolation/1.27/plexus-interpolation-1.27.pom (3.0 kB at 84 kB/s)
[INFO] Downloading from central: https://repo.maven.apache.org/maven2/org/codehaus/plexus/plexus/16/plexus-16.pom
[INFO] Downloaded from central: https://repo.maven.apache.org/maven2/org/codehaus/plexus/plexus/16/plexus-16.pom (28 kB at 813 kB/s)
[INFO] Downloading from central: https://repo.maven.apache.org/maven2/org/junit/junit-bom/5.10.1/junit-bom-5.10.1.pom
[INFO] Downloaded from central: https://repo.maven.apache.org/maven2/org/junit/junit-bom/5.10.1/junit-bom-5.10.1.pom (5.6 kB at 177 kB/s)
[INFO] Downloading from central: https://repo.maven.apache.org/maven2/commons-io/commons-io/2.16.1/commons-io-2.16.1.pom
[INFO] Downloaded from central: https://repo.maven.apache.org/maven2/commons-io/commons-io/2.16.1/commons-io-2.16.1.pom (20 kB at 436 kB/s)
[INFO] Downloading from central: https://repo.maven.apache.org/maven2/org/apache/commons/commons-parent/69/commons-parent-69.pom
[INFO] Downloaded from central: https://repo.maven.apache.org/maven2/org/apache/commons/commons-parent/69/commons-parent-69.pom (77 kB at 1.3 MB/s)
[INFO] Downloading from central: https://repo.maven.apache.org/maven2/org/apache/commons/commons-lang3/3.16.0/commons-lang3-3.16.0.pom
[INFO] Downloaded from central: https://repo.maven.apache.org/maven2/org/apache/commons/commons-lang3/3.16.0/commons-lang3-3.16.0.pom (31 kB at 823 kB/s)
[INFO] Downloading from central: https://repo.maven.apache.org/maven2/org/apache/commons/commons-parent/72/commons-parent-72.pom
[INFO] Downloaded from central: https://repo.maven.apache.org/maven2/org/apache/commons/commons-parent/72/commons-parent-72.pom (78 kB at 2.1 MB/s)
[INFO] Downloading from central: https://repo.maven.apache.org/maven2/org/junit/junit-bom/5.11.0-M2/junit-bom-5.11.0-M2.pom
[INFO] Downloaded from central: https://repo.maven.apache.org/maven2/org/junit/junit-bom/5.11.0-M2/junit-bom-5.11.0-M2.pom (5.7 kB at 184 kB/s)
[INFO] Downloading from central: https://repo.maven.apache.org/maven2/org/apache/commons/commons-lang3/3.20.0/commons-lang3-3.20.0.pom
[INFO] Downloaded from central: https://repo.maven.apache.org/maven2/org/apache/commons/commons-lang3/3.20.0/commons-lang3-3.20.0.pom (33 kB at 814 kB/s)
[INFO] Downloading from central: https://repo.maven.apache.org/maven2/org/apache/commons/commons-parent/92/commons-parent-92.pom
[INFO] Downloaded from central: https://repo.maven.apache.org/maven2/org/apache/commons/commons-parent/92/commons-parent-92.pom (80 kB at 1.8 MB/s)
[INFO] Artifact javax.inject:javax.inject:jar:1 is present in the local repository, but cached from a remote repository ID that is unavailable in current build context, verifying that is downloadable from [central (https://repo.maven.apache.org/maven2, default, releases)]
[INFO] Artifact javax.inject:javax.inject:jar:1 is present in the local repository, but cached from a remote repository ID that is unavailable in current build context, verifying that is downloadable from [central (https://repo.maven.apache.org/maven2, default, releases)]
[INFO] Downloading from central: https://repo.maven.apache.org/maven2/org/apache/maven/shared/maven-filtering/3.4.0/maven-filtering-3.4.0.jar
[INFO] Downloaded from central: https://repo.maven.apache.org/maven2/org/apache/maven/shared/maven-filtering/3.4.0/maven-filtering-3.4.0.jar (56 kB at 1.9 MB/s)
[INFO] Downloading from central: https://repo.maven.apache.org/maven2/org/slf4j/slf4j-api/1.7.36/slf4j-api-1.7.36.jar
[INFO] Downloading from central: https://repo.maven.apache.org/maven2/org/sonatype/plexus/plexus-build-api/0.0.7/plexus-build-api-0.0.7.jar
[INFO] Downloading from central: https://repo.maven.apache.org/maven2/org/codehaus/plexus/plexus-utils/4.0.2/plexus-utils-4.0.2.jar
[INFO] Downloading from central: https://repo.maven.apache.org/maven2/org/codehaus/plexus/plexus-xml/3.0.1/plexus-xml-3.0.1.jar
[INFO] Downloading from central: https://repo.maven.apache.org/maven2/org/codehaus/plexus/plexus-interpolation/1.27/plexus-interpolation-1.27.jar
[INFO] Downloaded from central: https://repo.maven.apache.org/maven2/org/slf4j/slf4j-api/1.7.36/slf4j-api-1.7.36.jar (41 kB at 1.4 MB/s)
[INFO] Downloading from central: https://repo.maven.apache.org/maven2/commons-io/commons-io/2.16.1/commons-io-2.16.1.jar
[INFO] Downloaded from central: https://repo.maven.apache.org/maven2/org/codehaus/plexus/plexus-interpolation/1.27/plexus-interpolation-1.27.jar (86 kB at 1.2 MB/s)
[INFO] Downloading from central: https://repo.maven.apache.org/maven2/org/apache/commons/commons-lang3/3.20.0/commons-lang3-3.20.0.jar
[INFO] Downloaded from central: https://repo.maven.apache.org/maven2/org/sonatype/plexus/plexus-build-api/0.0.7/plexus-build-api-0.0.7.jar (8.5 kB at 119 kB/s)
[INFO] Downloading from central: https://repo.maven.apache.org/maven2/javax/inject/javax.inject/1/javax.inject-1.jar
[INFO] Downloaded from central: https://repo.maven.apache.org/maven2/org/codehaus/plexus/plexus-xml/3.0.1/plexus-xml-3.0.1.jar (94 kB at 1.2 MB/s)
[INFO] Downloaded from central: https://repo.maven.apache.org/maven2/commons-io/commons-io/2.16.1/commons-io-2.16.1.jar (509 kB at 6.4 MB/s)
[INFO] Downloaded from central: https://repo.maven.apache.org/maven2/org/codehaus/plexus/plexus-utils/4.0.2/plexus-utils-4.0.2.jar (193 kB at 2.0 MB/s)
[INFO] Downloaded from central: https://repo.maven.apache.org/maven2/javax/inject/javax.inject/1/javax.inject-1.jar (0 B at 0 B/s)
[INFO] Downloaded from central: https://repo.maven.apache.org/maven2/org/apache/commons/commons-lang3/3.20.0/commons-lang3-3.20.0.jar (714 kB at 5.2 MB/s)
[INFO] Copying 2 resources from src/main/resources to target/classes
[INFO] 
[INFO] --- compiler:3.13.0:compile (default-compile) @ DynamicShop ---
[INFO] Downloading from central: https://repo.maven.apache.org/maven2/org/apache/maven/shared/maven-shared-utils/3.4.2/maven-shared-utils-3.4.2.pom
[INFO] Downloaded from central: https://repo.maven.apache.org/maven2/org/apache/maven/shared/maven-shared-utils/3.4.2/maven-shared-utils-3.4.2.pom (5.9 kB at 179 kB/s)
[INFO] Downloading from central: https://repo.maven.apache.org/maven2/org/apache/maven/shared/maven-shared-components/39/maven-shared-components-39.pom
[INFO] Downloaded from central: https://repo.maven.apache.org/maven2/org/apache/maven/shared/maven-shared-components/39/maven-shared-components-39.pom (3.2 kB at 107 kB/s)
[INFO] Downloading from central: https://repo.maven.apache.org/maven2/org/apache/maven/maven-parent/39/maven-parent-39.pom
[INFO] Downloaded from central: https://repo.maven.apache.org/maven2/org/apache/maven/maven-parent/39/maven-parent-39.pom (48 kB at 1.5 MB/s)
[INFO] Downloading from central: https://repo.maven.apache.org/maven2/commons-io/commons-io/2.11.0/commons-io-2.11.0.pom
[INFO] Downloaded from central: https://repo.maven.apache.org/maven2/commons-io/commons-io/2.11.0/commons-io-2.11.0.pom (20 kB at 598 kB/s)
[INFO] Downloading from central: https://repo.maven.apache.org/maven2/org/junit/junit-bom/5.7.2/junit-bom-5.7.2.pom
[INFO] Downloaded from central: https://repo.maven.apache.org/maven2/org/junit/junit-bom/5.7.2/junit-bom-5.7.2.pom (5.1 kB at 69 kB/s)
[INFO] Downloading from central: https://repo.maven.apache.org/maven2/org/apache/maven/shared/maven-shared-incremental/1.1/maven-shared-incremental-1.1.pom
[INFO] Downloaded from central: https://repo.maven.apache.org/maven2/org/apache/maven/shared/maven-shared-incremental/1.1/maven-shared-incremental-1.1.pom (4.7 kB at 148 kB/s)
[INFO] Downloading from central: https://repo.maven.apache.org/maven2/org/apache/maven/shared/maven-shared-components/19/maven-shared-components-19.pom
[INFO] Downloaded from central: https://repo.maven.apache.org/maven2/org/apache/maven/shared/maven-shared-components/19/maven-shared-components-19.pom (6.4 kB at 245 kB/s)
[INFO] Downloading from central: https://repo.maven.apache.org/maven2/org/apache/maven/maven-parent/23/maven-parent-23.pom
[INFO] Downloaded from central: https://repo.maven.apache.org/maven2/org/apache/maven/maven-parent/23/maven-parent-23.pom (33 kB at 1.1 MB/s)
[INFO] Downloading from central: https://repo.maven.apache.org/maven2/org/codehaus/plexus/plexus-java/1.2.0/plexus-java-1.2.0.pom
[INFO] Downloaded from central: https://repo.maven.apache.org/maven2/org/codehaus/plexus/plexus-java/1.2.0/plexus-java-1.2.0.pom (4.3 kB at 138 kB/s)
[INFO] Downloading from central: https://repo.maven.apache.org/maven2/org/codehaus/plexus/plexus-languages/1.2.0/plexus-languages-1.2.0.pom
[INFO] Downloaded from central: https://repo.maven.apache.org/maven2/org/codehaus/plexus/plexus-languages/1.2.0/plexus-languages-1.2.0.pom (3.2 kB at 114 kB/s)
[INFO] Downloading from central: https://repo.maven.apache.org/maven2/org/codehaus/plexus/plexus/15/plexus-15.pom
[INFO] Downloaded from central: https://repo.maven.apache.org/maven2/org/codehaus/plexus/plexus/15/plexus-15.pom (28 kB at 958 kB/s)
[INFO] Downloading from central: https://repo.maven.apache.org/maven2/org/ow2/asm/asm/9.6/asm-9.6.pom
[INFO] Downloaded from central: https://repo.maven.apache.org/maven2/org/ow2/asm/asm/9.6/asm-9.6.pom (2.4 kB at 85 kB/s)
[INFO] Downloading from central: https://repo.maven.apache.org/maven2/org/ow2/ow2/1.5.1/ow2-1.5.1.pom
[INFO] Downloaded from central: https://repo.maven.apache.org/maven2/org/ow2/ow2/1.5.1/ow2-1.5.1.pom (11 kB at 434 kB/s)
[INFO] Downloading from central: https://repo.maven.apache.org/maven2/com/thoughtworks/qdox/qdox/2.0.3/qdox-2.0.3.pom
[INFO] Downloaded from central: https://repo.maven.apache.org/maven2/com/thoughtworks/qdox/qdox/2.0.3/qdox-2.0.3.pom (17 kB at 575 kB/s)
[INFO] Downloading from central: https://repo.maven.apache.org/maven2/org/codehaus/plexus/plexus-compiler-api/2.15.0/plexus-compiler-api-2.15.0.pom
[INFO] Downloaded from central: https://repo.maven.apache.org/maven2/org/codehaus/plexus/plexus-compiler-api/2.15.0/plexus-compiler-api-2.15.0.pom (1.4 kB at 36 kB/s)
[INFO] Downloading from central: https://repo.maven.apache.org/maven2/org/codehaus/plexus/plexus-compiler/2.15.0/plexus-compiler-2.15.0.pom
[INFO] Downloaded from central: https://repo.maven.apache.org/maven2/org/codehaus/plexus/plexus-compiler/2.15.0/plexus-compiler-2.15.0.pom (7.6 kB at 271 kB/s)
[INFO] Downloading from central: https://repo.maven.apache.org/maven2/org/codehaus/plexus/plexus/17/plexus-17.pom
[INFO] Downloaded from central: https://repo.maven.apache.org/maven2/org/codehaus/plexus/plexus/17/plexus-17.pom (28 kB at 939 kB/s)
[INFO] Downloading from central: https://repo.maven.apache.org/maven2/org/codehaus/plexus/plexus-utils/4.0.0/plexus-utils-4.0.0.pom
[INFO] Downloaded from central: https://repo.maven.apache.org/maven2/org/codehaus/plexus/plexus-utils/4.0.0/plexus-utils-4.0.0.pom (8.7 kB at 298 kB/s)
[INFO] Downloading from central: https://repo.maven.apache.org/maven2/org/codehaus/plexus/plexus/13/plexus-13.pom
[INFO] Downloaded from central: https://repo.maven.apache.org/maven2/org/codehaus/plexus/plexus/13/plexus-13.pom (27 kB at 944 kB/s)
[INFO] Downloading from central: https://repo.maven.apache.org/maven2/org/codehaus/plexus/plexus-compiler-manager/2.15.0/plexus-compiler-manager-2.15.0.pom
[INFO] Downloaded from central: https://repo.maven.apache.org/maven2/org/codehaus/plexus/plexus-compiler-manager/2.15.0/plexus-compiler-manager-2.15.0.pom (1.3 kB at 45 kB/s)
[INFO] Downloading from central: https://repo.maven.apache.org/maven2/org/codehaus/plexus/plexus-xml/3.0.0/plexus-xml-3.0.0.pom
[INFO] Downloaded from central: https://repo.maven.apache.org/maven2/org/codehaus/plexus/plexus-xml/3.0.0/plexus-xml-3.0.0.pom (3.7 kB at 125 kB/s)
[INFO] Downloading from central: https://repo.maven.apache.org/maven2/org/codehaus/plexus/plexus-compiler-javac/2.15.0/plexus-compiler-javac-2.15.0.pom
[INFO] Downloaded from central: https://repo.maven.apache.org/maven2/org/codehaus/plexus/plexus-compiler-javac/2.15.0/plexus-compiler-javac-2.15.0.pom (1.3 kB at 45 kB/s)
[INFO] Downloading from central: https://repo.maven.apache.org/maven2/org/codehaus/plexus/plexus-compilers/2.15.0/plexus-compilers-2.15.0.pom
[INFO] Downloaded from central: https://repo.maven.apache.org/maven2/org/codehaus/plexus/plexus-compilers/2.15.0/plexus-compilers-2.15.0.pom (1.6 kB at 54 kB/s)
[INFO] Downloading from central: https://repo.maven.apache.org/maven2/org/apache/maven/shared/maven-shared-utils/3.4.2/maven-shared-utils-3.4.2.jar
[INFO] Downloaded from central: https://repo.maven.apache.org/maven2/org/apache/maven/shared/maven-shared-utils/3.4.2/maven-shared-utils-3.4.2.jar (151 kB at 5.0 MB/s)
[INFO] Downloading from central: https://repo.maven.apache.org/maven2/commons-io/commons-io/2.11.0/commons-io-2.11.0.jar
[INFO] Downloading from central: https://repo.maven.apache.org/maven2/org/apache/maven/shared/maven-shared-incremental/1.1/maven-shared-incremental-1.1.jar
[INFO] Downloading from central: https://repo.maven.apache.org/maven2/org/codehaus/plexus/plexus-java/1.2.0/plexus-java-1.2.0.jar
[INFO] Downloading from central: https://repo.maven.apache.org/maven2/org/ow2/asm/asm/9.6/asm-9.6.jar
[INFO] Downloading from central: https://repo.maven.apache.org/maven2/com/thoughtworks/qdox/qdox/2.0.3/qdox-2.0.3.jar
[INFO] Downloaded from central: https://repo.maven.apache.org/maven2/commons-io/commons-io/2.11.0/commons-io-2.11.0.jar (327 kB at 11 MB/s)
[INFO] Downloading from central: https://repo.maven.apache.org/maven2/org/codehaus/plexus/plexus-compiler-api/2.15.0/plexus-compiler-api-2.15.0.jar
[INFO] Downloaded from central: https://repo.maven.apache.org/maven2/org/codehaus/plexus/plexus-java/1.2.0/plexus-java-1.2.0.jar (58 kB at 1.7 MB/s)
[INFO] Downloading from central: https://repo.maven.apache.org/maven2/org/codehaus/plexus/plexus-compiler-manager/2.15.0/plexus-compiler-manager-2.15.0.jar
[INFO] Downloaded from central: https://repo.maven.apache.org/maven2/org/apache/maven/shared/maven-shared-incremental/1.1/maven-shared-incremental-1.1.jar (14 kB at 376 kB/s)
[INFO] Downloading from central: https://repo.maven.apache.org/maven2/org/codehaus/plexus/plexus-xml/3.0.0/plexus-xml-3.0.0.jar
[INFO] Downloaded from central: https://repo.maven.apache.org/maven2/org/ow2/asm/asm/9.6/asm-9.6.jar (124 kB at 3.2 MB/s)
[INFO] Downloading from central: https://repo.maven.apache.org/maven2/org/codehaus/plexus/plexus-compiler-javac/2.15.0/plexus-compiler-javac-2.15.0.jar
[INFO] Downloaded from central: https://repo.maven.apache.org/maven2/org/codehaus/plexus/plexus-compiler-api/2.15.0/plexus-compiler-api-2.15.0.jar (29 kB at 529 kB/s)
[INFO] Downloading from central: https://repo.maven.apache.org/maven2/org/codehaus/plexus/plexus-utils/4.0.0/plexus-utils-4.0.0.jar
[INFO] Downloaded from central: https://repo.maven.apache.org/maven2/com/thoughtworks/qdox/qdox/2.0.3/qdox-2.0.3.jar (334 kB at 5.7 MB/s)
[INFO] Downloaded from central: https://repo.maven.apache.org/maven2/org/codehaus/plexus/plexus-compiler-manager/2.15.0/plexus-compiler-manager-2.15.0.jar (5.2 kB at 72 kB/s)
[INFO] Downloaded from central: https://repo.maven.apache.org/maven2/org/codehaus/plexus/plexus-utils/4.0.0/plexus-utils-4.0.0.jar (192 kB at 2.1 MB/s)
[INFO] Downloaded from central: https://repo.maven.apache.org/maven2/org/codehaus/plexus/plexus-compiler-javac/2.15.0/plexus-compiler-javac-2.15.0.jar (26 kB at 283 kB/s)
[INFO] Downloaded from central: https://repo.maven.apache.org/maven2/org/codehaus/plexus/plexus-xml/3.0.0/plexus-xml-3.0.0.jar (93 kB at 990 kB/s)
[INFO] Recompiling the module because of changed source code.
[INFO] Compiling 86 source files with javac [debug target 25] to target/classes
[INFO] ------------------------------------------------------------------------
[INFO] BUILD FAILURE
[INFO] ------------------------------------------------------------------------
[INFO] Total time:  36.550 s
[INFO] Finished at: 2026-09-02T19:50:21Z
[INFO] ------------------------------------------------------------------------
[ERROR] Failed to execute goal org.apache.maven.plugins:maven-compiler-plugin:3.13.0:compile (default-compile) on project DynamicShop: Fatal error compiling: error: invalid target release: 25 -> [Help 1]
[ERROR] 
[ERROR] To see the full stack trace of the errors, re-run Maven with the -e switch.
[ERROR] Re-run Maven using the -X switch to enable full debug logging.
[ERROR] 
[ERROR] For more information about the errors and possible solutions, please read the following articles:
[ERROR] [Help 1] http://cwiki.apache.org/confluence/display/MAVEN/MojoExecutionException
